--
-- PostgreSQL database dump
--

-- Dumped from database version 9.5.10
-- Dumped by pg_dump version 9.5.10

SET statement_timeout = 0;
SET lock_timeout = 0;
SET client_encoding = 'UTF8';
SET standard_conforming_strings = on;
SET check_function_bodies = false;
SET client_min_messages = warning;
SET row_security = off;

--
-- Name: plpgsql; Type: EXTENSION; Schema: -; Owner: 
--

CREATE EXTENSION IF NOT EXISTS plpgsql WITH SCHEMA pg_catalog;


--
-- Name: EXTENSION plpgsql; Type: COMMENT; Schema: -; Owner: 
--

COMMENT ON EXTENSION plpgsql IS 'PL/pgSQL procedural language';


SET search_path = public, pg_catalog;

SET default_tablespace = '';

SET default_with_oids = false;

--
-- Name: ar_internal_metadata; Type: TABLE; Schema: public; Owner: darkend
--

CREATE TABLE ar_internal_metadata (
    key character varying NOT NULL,
    value character varying,
    created_at timestamp without time zone NOT NULL,
    updated_at timestamp without time zone NOT NULL
);


ALTER TABLE ar_internal_metadata OWNER TO darkend;

--
-- Name: experiences; Type: TABLE; Schema: public; Owner: darkend
--

CREATE TABLE experiences (
    id bigint NOT NULL,
    growth_rate character varying,
    level integer,
    experience integer,
    created_at timestamp without time zone NOT NULL,
    updated_at timestamp without time zone NOT NULL
);


ALTER TABLE experiences OWNER TO darkend;

--
-- Name: experiences_id_seq; Type: SEQUENCE; Schema: public; Owner: darkend
--

CREATE SEQUENCE experiences_id_seq
    START WITH 1
    INCREMENT BY 1
    NO MINVALUE
    NO MAXVALUE
    CACHE 1;


ALTER TABLE experiences_id_seq OWNER TO darkend;

--
-- Name: experiences_id_seq; Type: SEQUENCE OWNED BY; Schema: public; Owner: darkend
--

ALTER SEQUENCE experiences_id_seq OWNED BY experiences.id;


--
-- Name: habitats; Type: TABLE; Schema: public; Owner: darkend
--

CREATE TABLE habitats (
    id bigint NOT NULL,
    identifier character varying,
    rarity integer,
    created_at timestamp without time zone NOT NULL,
    updated_at timestamp without time zone NOT NULL
);


ALTER TABLE habitats OWNER TO darkend;

--
-- Name: habitats_id_seq; Type: SEQUENCE; Schema: public; Owner: darkend
--

CREATE SEQUENCE habitats_id_seq
    START WITH 1
    INCREMENT BY 1
    NO MINVALUE
    NO MAXVALUE
    CACHE 1;


ALTER TABLE habitats_id_seq OWNER TO darkend;

--
-- Name: habitats_id_seq; Type: SEQUENCE OWNED BY; Schema: public; Owner: darkend
--

ALTER SEQUENCE habitats_id_seq OWNED BY habitats.id;


--
-- Name: my_pokemons; Type: TABLE; Schema: public; Owner: darkend
--

CREATE TABLE my_pokemons (
    id bigint NOT NULL,
    species_id bigint,
    nickname character varying,
    level integer,
    exp integer,
    growth_rate character varying,
    created_at timestamp without time zone NOT NULL,
    updated_at timestamp without time zone NOT NULL,
    ready_for_evolution boolean
);


ALTER TABLE my_pokemons OWNER TO darkend;

--
-- Name: my_pokemons_id_seq; Type: SEQUENCE; Schema: public; Owner: darkend
--

CREATE SEQUENCE my_pokemons_id_seq
    START WITH 1
    INCREMENT BY 1
    NO MINVALUE
    NO MAXVALUE
    CACHE 1;


ALTER TABLE my_pokemons_id_seq OWNER TO darkend;

--
-- Name: my_pokemons_id_seq; Type: SEQUENCE OWNED BY; Schema: public; Owner: darkend
--

ALTER SEQUENCE my_pokemons_id_seq OWNED BY my_pokemons.id;


--
-- Name: schema_migrations; Type: TABLE; Schema: public; Owner: darkend
--

CREATE TABLE schema_migrations (
    version character varying NOT NULL
);


ALTER TABLE schema_migrations OWNER TO darkend;

--
-- Name: species; Type: TABLE; Schema: public; Owner: darkend
--

CREATE TABLE species (
    id bigint NOT NULL,
    identifier character varying,
    evolves_from_species_id integer,
    evolution_chain_id integer,
    evolution_min_level integer,
    height integer,
    weight integer,
    color character varying,
    shape character varying,
    species_habitats_relationship_id integer,
    capture_rate integer,
    growth_rate character varying,
    img_url character varying,
    created_at timestamp without time zone NOT NULL,
    updated_at timestamp without time zone NOT NULL
);


ALTER TABLE species OWNER TO darkend;

--
-- Name: species_habitats_relationships; Type: TABLE; Schema: public; Owner: darkend
--

CREATE TABLE species_habitats_relationships (
    id bigint NOT NULL,
    species_id bigint,
    habitat_id bigint,
    created_at timestamp without time zone NOT NULL,
    updated_at timestamp without time zone NOT NULL
);


ALTER TABLE species_habitats_relationships OWNER TO darkend;

--
-- Name: species_habitats_relationships_id_seq; Type: SEQUENCE; Schema: public; Owner: darkend
--

CREATE SEQUENCE species_habitats_relationships_id_seq
    START WITH 1
    INCREMENT BY 1
    NO MINVALUE
    NO MAXVALUE
    CACHE 1;


ALTER TABLE species_habitats_relationships_id_seq OWNER TO darkend;

--
-- Name: species_habitats_relationships_id_seq; Type: SEQUENCE OWNED BY; Schema: public; Owner: darkend
--

ALTER SEQUENCE species_habitats_relationships_id_seq OWNED BY species_habitats_relationships.id;


--
-- Name: species_id_seq; Type: SEQUENCE; Schema: public; Owner: darkend
--

CREATE SEQUENCE species_id_seq
    START WITH 1
    INCREMENT BY 1
    NO MINVALUE
    NO MAXVALUE
    CACHE 1;


ALTER TABLE species_id_seq OWNER TO darkend;

--
-- Name: species_id_seq; Type: SEQUENCE OWNED BY; Schema: public; Owner: darkend
--

ALTER SEQUENCE species_id_seq OWNED BY species.id;


--
-- Name: id; Type: DEFAULT; Schema: public; Owner: darkend
--

ALTER TABLE ONLY experiences ALTER COLUMN id SET DEFAULT nextval('experiences_id_seq'::regclass);


--
-- Name: id; Type: DEFAULT; Schema: public; Owner: darkend
--

ALTER TABLE ONLY habitats ALTER COLUMN id SET DEFAULT nextval('habitats_id_seq'::regclass);


--
-- Name: id; Type: DEFAULT; Schema: public; Owner: darkend
--

ALTER TABLE ONLY my_pokemons ALTER COLUMN id SET DEFAULT nextval('my_pokemons_id_seq'::regclass);


--
-- Name: id; Type: DEFAULT; Schema: public; Owner: darkend
--

ALTER TABLE ONLY species ALTER COLUMN id SET DEFAULT nextval('species_id_seq'::regclass);


--
-- Name: id; Type: DEFAULT; Schema: public; Owner: darkend
--

ALTER TABLE ONLY species_habitats_relationships ALTER COLUMN id SET DEFAULT nextval('species_habitats_relationships_id_seq'::regclass);


--
-- Data for Name: ar_internal_metadata; Type: TABLE DATA; Schema: public; Owner: darkend
--

COPY ar_internal_metadata (key, value, created_at, updated_at) FROM stdin;
environment	development	2018-02-03 01:16:46.413752	2018-02-03 01:16:46.413752
\.


--
-- Data for Name: experiences; Type: TABLE DATA; Schema: public; Owner: darkend
--

COPY experiences (id, growth_rate, level, experience, created_at, updated_at) FROM stdin;
1	slow	1	0	2018-01-24 06:11:00	2018-01-24 06:11:00
2	slow	2	10	2018-01-24 06:11:00	2018-01-24 06:11:00
3	slow	3	33	2018-01-24 06:11:00	2018-01-24 06:11:00
4	slow	4	80	2018-01-24 06:11:00	2018-01-24 06:11:00
5	slow	5	156	2018-01-24 06:11:00	2018-01-24 06:11:00
6	slow	6	270	2018-01-24 06:11:00	2018-01-24 06:11:00
7	slow	7	428	2018-01-24 06:11:00	2018-01-24 06:11:00
8	slow	8	640	2018-01-24 06:11:00	2018-01-24 06:11:00
9	slow	9	911	2018-01-24 06:11:00	2018-01-24 06:11:00
10	slow	10	1250	2018-01-24 06:11:00	2018-01-24 06:11:00
11	slow	11	1663	2018-01-24 06:11:00	2018-01-24 06:11:00
12	slow	12	2160	2018-01-24 06:11:00	2018-01-24 06:11:00
13	slow	13	2746	2018-01-24 06:11:00	2018-01-24 06:11:00
14	slow	14	3430	2018-01-24 06:11:00	2018-01-24 06:11:00
15	slow	15	4218	2018-01-24 06:11:00	2018-01-24 06:11:00
16	slow	16	5120	2018-01-24 06:11:00	2018-01-24 06:11:00
17	slow	17	6141	2018-01-24 06:11:00	2018-01-24 06:11:00
18	slow	18	7290	2018-01-24 06:11:00	2018-01-24 06:11:00
19	slow	19	8573	2018-01-24 06:11:00	2018-01-24 06:11:00
20	slow	20	10000	2018-01-24 06:11:00	2018-01-24 06:11:00
21	slow	21	11576	2018-01-24 06:11:00	2018-01-24 06:11:00
22	slow	22	13310	2018-01-24 06:11:00	2018-01-24 06:11:00
23	slow	23	15208	2018-01-24 06:11:00	2018-01-24 06:11:00
24	slow	24	17280	2018-01-24 06:11:00	2018-01-24 06:11:00
25	slow	25	19531	2018-01-24 06:11:00	2018-01-24 06:11:00
26	slow	26	21970	2018-01-24 06:11:00	2018-01-24 06:11:00
27	slow	27	24603	2018-01-24 06:11:00	2018-01-24 06:11:00
28	slow	28	27440	2018-01-24 06:11:00	2018-01-24 06:11:00
29	slow	29	30486	2018-01-24 06:11:00	2018-01-24 06:11:00
30	slow	30	33750	2018-01-24 06:11:00	2018-01-24 06:11:00
31	slow	31	37238	2018-01-24 06:11:00	2018-01-24 06:11:00
32	slow	32	40960	2018-01-24 06:11:00	2018-01-24 06:11:00
33	slow	33	44921	2018-01-24 06:11:00	2018-01-24 06:11:00
34	slow	34	49130	2018-01-24 06:11:00	2018-01-24 06:11:00
35	slow	35	53593	2018-01-24 06:11:00	2018-01-24 06:11:00
36	slow	36	58320	2018-01-24 06:11:00	2018-01-24 06:11:00
37	slow	37	63316	2018-01-24 06:11:00	2018-01-24 06:11:00
38	slow	38	68590	2018-01-24 06:11:00	2018-01-24 06:11:00
39	slow	39	74148	2018-01-24 06:11:00	2018-01-24 06:11:00
40	slow	40	80000	2018-01-24 06:11:00	2018-01-24 06:11:00
41	slow	41	86151	2018-01-24 06:11:00	2018-01-24 06:11:00
42	slow	42	92610	2018-01-24 06:11:00	2018-01-24 06:11:00
43	slow	43	99383	2018-01-24 06:11:00	2018-01-24 06:11:00
44	slow	44	106480	2018-01-24 06:11:00	2018-01-24 06:11:00
45	slow	45	113906	2018-01-24 06:11:00	2018-01-24 06:11:00
46	slow	46	121670	2018-01-24 06:11:00	2018-01-24 06:11:00
47	slow	47	129778	2018-01-24 06:11:00	2018-01-24 06:11:00
48	slow	48	138240	2018-01-24 06:11:00	2018-01-24 06:11:00
49	slow	49	147061	2018-01-24 06:11:00	2018-01-24 06:11:00
50	slow	50	156250	2018-01-24 06:11:00	2018-01-24 06:11:00
51	slow	51	165813	2018-01-24 06:11:00	2018-01-24 06:11:00
52	slow	52	175760	2018-01-24 06:11:00	2018-01-24 06:11:00
53	slow	53	186096	2018-01-24 06:11:00	2018-01-24 06:11:00
54	slow	54	196830	2018-01-24 06:11:00	2018-01-24 06:11:00
55	slow	55	207968	2018-01-24 06:11:00	2018-01-24 06:11:00
56	slow	56	219520	2018-01-24 06:11:00	2018-01-24 06:11:00
57	slow	57	231491	2018-01-24 06:11:00	2018-01-24 06:11:00
58	slow	58	243890	2018-01-24 06:11:00	2018-01-24 06:11:00
59	slow	59	256723	2018-01-24 06:11:00	2018-01-24 06:11:00
60	slow	60	270000	2018-01-24 06:11:00	2018-01-24 06:11:00
61	slow	61	283726	2018-01-24 06:11:00	2018-01-24 06:11:00
62	slow	62	297910	2018-01-24 06:11:00	2018-01-24 06:11:00
63	slow	63	312558	2018-01-24 06:11:00	2018-01-24 06:11:00
64	slow	64	327680	2018-01-24 06:11:00	2018-01-24 06:11:00
65	slow	65	343281	2018-01-24 06:11:00	2018-01-24 06:11:00
66	slow	66	359370	2018-01-24 06:11:00	2018-01-24 06:11:00
67	slow	67	375953	2018-01-24 06:11:00	2018-01-24 06:11:00
68	slow	68	393040	2018-01-24 06:11:00	2018-01-24 06:11:00
69	slow	69	410636	2018-01-24 06:11:00	2018-01-24 06:11:00
70	slow	70	428750	2018-01-24 06:11:00	2018-01-24 06:11:00
71	slow	71	447388	2018-01-24 06:11:00	2018-01-24 06:11:00
72	slow	72	466560	2018-01-24 06:11:00	2018-01-24 06:11:00
73	slow	73	486271	2018-01-24 06:11:00	2018-01-24 06:11:00
74	slow	74	506530	2018-01-24 06:11:00	2018-01-24 06:11:00
75	slow	75	527343	2018-01-24 06:11:00	2018-01-24 06:11:00
76	slow	76	548720	2018-01-24 06:11:00	2018-01-24 06:11:00
77	slow	77	570666	2018-01-24 06:11:00	2018-01-24 06:11:00
78	slow	78	593190	2018-01-24 06:11:00	2018-01-24 06:11:00
79	slow	79	616298	2018-01-24 06:11:00	2018-01-24 06:11:00
80	slow	80	640000	2018-01-24 06:11:00	2018-01-24 06:11:00
81	slow	81	664301	2018-01-24 06:11:00	2018-01-24 06:11:00
82	slow	82	689210	2018-01-24 06:11:00	2018-01-24 06:11:00
83	slow	83	714733	2018-01-24 06:11:00	2018-01-24 06:11:00
84	slow	84	740880	2018-01-24 06:11:00	2018-01-24 06:11:00
85	slow	85	767656	2018-01-24 06:11:00	2018-01-24 06:11:00
86	slow	86	795070	2018-01-24 06:11:00	2018-01-24 06:11:00
87	slow	87	823128	2018-01-24 06:11:00	2018-01-24 06:11:00
88	slow	88	851840	2018-01-24 06:11:00	2018-01-24 06:11:00
89	slow	89	881211	2018-01-24 06:11:00	2018-01-24 06:11:00
90	slow	90	911250	2018-01-24 06:11:00	2018-01-24 06:11:00
91	slow	91	941963	2018-01-24 06:11:00	2018-01-24 06:11:00
92	slow	92	973360	2018-01-24 06:11:00	2018-01-24 06:11:00
93	slow	93	1005446	2018-01-24 06:11:00	2018-01-24 06:11:00
94	slow	94	1038230	2018-01-24 06:11:00	2018-01-24 06:11:00
95	slow	95	1071718	2018-01-24 06:11:00	2018-01-24 06:11:00
96	slow	96	1105920	2018-01-24 06:11:00	2018-01-24 06:11:00
97	slow	97	1140841	2018-01-24 06:11:00	2018-01-24 06:11:00
98	slow	98	1176490	2018-01-24 06:11:00	2018-01-24 06:11:00
99	slow	99	1212873	2018-01-24 06:11:00	2018-01-24 06:11:00
100	slow	100	1250000	2018-01-24 06:11:00	2018-01-24 06:11:00
101	medium	1	0	2018-01-24 06:11:00	2018-01-24 06:11:00
102	medium	2	8	2018-01-24 06:11:00	2018-01-24 06:11:00
103	medium	3	27	2018-01-24 06:11:00	2018-01-24 06:11:00
104	medium	4	64	2018-01-24 06:11:00	2018-01-24 06:11:00
105	medium	5	125	2018-01-24 06:11:00	2018-01-24 06:11:00
106	medium	6	216	2018-01-24 06:11:00	2018-01-24 06:11:00
107	medium	7	343	2018-01-24 06:11:00	2018-01-24 06:11:00
108	medium	8	512	2018-01-24 06:11:00	2018-01-24 06:11:00
109	medium	9	729	2018-01-24 06:11:00	2018-01-24 06:11:00
110	medium	10	1000	2018-01-24 06:11:00	2018-01-24 06:11:00
111	medium	11	1331	2018-01-24 06:11:00	2018-01-24 06:11:00
112	medium	12	1728	2018-01-24 06:11:00	2018-01-24 06:11:00
113	medium	13	2197	2018-01-24 06:11:00	2018-01-24 06:11:00
114	medium	14	2744	2018-01-24 06:11:00	2018-01-24 06:11:00
115	medium	15	3375	2018-01-24 06:11:00	2018-01-24 06:11:00
116	medium	16	4096	2018-01-24 06:11:00	2018-01-24 06:11:00
117	medium	17	4913	2018-01-24 06:11:00	2018-01-24 06:11:00
118	medium	18	5832	2018-01-24 06:11:00	2018-01-24 06:11:00
119	medium	19	6859	2018-01-24 06:11:00	2018-01-24 06:11:00
120	medium	20	8000	2018-01-24 06:11:00	2018-01-24 06:11:00
121	medium	21	9261	2018-01-24 06:11:00	2018-01-24 06:11:00
122	medium	22	10648	2018-01-24 06:11:00	2018-01-24 06:11:00
123	medium	23	12167	2018-01-24 06:11:00	2018-01-24 06:11:00
124	medium	24	13824	2018-01-24 06:11:00	2018-01-24 06:11:00
125	medium	25	15625	2018-01-24 06:11:00	2018-01-24 06:11:00
126	medium	26	17576	2018-01-24 06:11:00	2018-01-24 06:11:00
127	medium	27	19683	2018-01-24 06:11:00	2018-01-24 06:11:00
128	medium	28	21952	2018-01-24 06:11:00	2018-01-24 06:11:00
129	medium	29	24389	2018-01-24 06:11:00	2018-01-24 06:11:00
130	medium	30	27000	2018-01-24 06:11:00	2018-01-24 06:11:00
131	medium	31	29791	2018-01-24 06:11:00	2018-01-24 06:11:00
132	medium	32	32768	2018-01-24 06:11:00	2018-01-24 06:11:00
133	medium	33	35937	2018-01-24 06:11:00	2018-01-24 06:11:00
134	medium	34	39304	2018-01-24 06:11:00	2018-01-24 06:11:00
135	medium	35	42875	2018-01-24 06:11:00	2018-01-24 06:11:00
136	medium	36	46656	2018-01-24 06:11:00	2018-01-24 06:11:00
137	medium	37	50653	2018-01-24 06:11:00	2018-01-24 06:11:00
138	medium	38	54872	2018-01-24 06:11:00	2018-01-24 06:11:00
139	medium	39	59319	2018-01-24 06:11:00	2018-01-24 06:11:00
140	medium	40	64000	2018-01-24 06:11:00	2018-01-24 06:11:00
141	medium	41	68921	2018-01-24 06:11:00	2018-01-24 06:11:00
142	medium	42	74088	2018-01-24 06:11:00	2018-01-24 06:11:00
143	medium	43	79507	2018-01-24 06:11:00	2018-01-24 06:11:00
144	medium	44	85184	2018-01-24 06:11:00	2018-01-24 06:11:00
145	medium	45	91125	2018-01-24 06:11:00	2018-01-24 06:11:00
146	medium	46	97336	2018-01-24 06:11:00	2018-01-24 06:11:00
147	medium	47	103823	2018-01-24 06:11:00	2018-01-24 06:11:00
148	medium	48	110592	2018-01-24 06:11:00	2018-01-24 06:11:00
149	medium	49	117649	2018-01-24 06:11:00	2018-01-24 06:11:00
150	medium	50	125000	2018-01-24 06:11:00	2018-01-24 06:11:00
151	medium	51	132651	2018-01-24 06:11:00	2018-01-24 06:11:00
152	medium	52	140608	2018-01-24 06:11:00	2018-01-24 06:11:00
153	medium	53	148877	2018-01-24 06:11:00	2018-01-24 06:11:00
154	medium	54	157464	2018-01-24 06:11:00	2018-01-24 06:11:00
155	medium	55	166375	2018-01-24 06:11:00	2018-01-24 06:11:00
156	medium	56	175616	2018-01-24 06:11:00	2018-01-24 06:11:00
157	medium	57	185193	2018-01-24 06:11:00	2018-01-24 06:11:00
158	medium	58	195112	2018-01-24 06:11:00	2018-01-24 06:11:00
159	medium	59	205379	2018-01-24 06:11:00	2018-01-24 06:11:00
160	medium	60	216000	2018-01-24 06:11:00	2018-01-24 06:11:00
161	medium	61	226981	2018-01-24 06:11:00	2018-01-24 06:11:00
162	medium	62	238328	2018-01-24 06:11:00	2018-01-24 06:11:00
163	medium	63	250047	2018-01-24 06:11:00	2018-01-24 06:11:00
164	medium	64	262144	2018-01-24 06:11:00	2018-01-24 06:11:00
165	medium	65	274625	2018-01-24 06:11:00	2018-01-24 06:11:00
166	medium	66	287496	2018-01-24 06:11:00	2018-01-24 06:11:00
167	medium	67	300763	2018-01-24 06:11:00	2018-01-24 06:11:00
168	medium	68	314432	2018-01-24 06:11:00	2018-01-24 06:11:00
169	medium	69	328509	2018-01-24 06:11:00	2018-01-24 06:11:00
170	medium	70	343000	2018-01-24 06:11:00	2018-01-24 06:11:00
171	medium	71	357911	2018-01-24 06:11:00	2018-01-24 06:11:00
172	medium	72	373248	2018-01-24 06:11:00	2018-01-24 06:11:00
173	medium	73	389017	2018-01-24 06:11:00	2018-01-24 06:11:00
174	medium	74	405224	2018-01-24 06:11:00	2018-01-24 06:11:00
175	medium	75	421875	2018-01-24 06:11:00	2018-01-24 06:11:00
176	medium	76	438976	2018-01-24 06:11:00	2018-01-24 06:11:00
177	medium	77	456533	2018-01-24 06:11:00	2018-01-24 06:11:00
178	medium	78	474552	2018-01-24 06:11:00	2018-01-24 06:11:00
179	medium	79	493039	2018-01-24 06:11:00	2018-01-24 06:11:00
180	medium	80	512000	2018-01-24 06:11:00	2018-01-24 06:11:00
181	medium	81	531441	2018-01-24 06:11:00	2018-01-24 06:11:00
182	medium	82	551368	2018-01-24 06:11:00	2018-01-24 06:11:00
183	medium	83	571787	2018-01-24 06:11:00	2018-01-24 06:11:00
184	medium	84	592704	2018-01-24 06:11:00	2018-01-24 06:11:00
185	medium	85	614125	2018-01-24 06:11:00	2018-01-24 06:11:00
186	medium	86	636056	2018-01-24 06:11:00	2018-01-24 06:11:00
187	medium	87	658503	2018-01-24 06:11:00	2018-01-24 06:11:00
188	medium	88	681472	2018-01-24 06:11:00	2018-01-24 06:11:00
189	medium	89	704969	2018-01-24 06:11:00	2018-01-24 06:11:00
190	medium	90	729000	2018-01-24 06:11:00	2018-01-24 06:11:00
191	medium	91	753571	2018-01-24 06:11:00	2018-01-24 06:11:00
192	medium	92	778688	2018-01-24 06:11:00	2018-01-24 06:11:00
193	medium	93	804357	2018-01-24 06:11:00	2018-01-24 06:11:00
194	medium	94	830584	2018-01-24 06:11:00	2018-01-24 06:11:00
195	medium	95	857375	2018-01-24 06:11:00	2018-01-24 06:11:00
196	medium	96	884736	2018-01-24 06:11:00	2018-01-24 06:11:00
197	medium	97	912673	2018-01-24 06:11:00	2018-01-24 06:11:00
198	medium	98	941192	2018-01-24 06:11:00	2018-01-24 06:11:00
199	medium	99	970299	2018-01-24 06:11:00	2018-01-24 06:11:00
200	medium	100	1000000	2018-01-24 06:11:00	2018-01-24 06:11:00
201	fast	1	0	2018-01-24 06:11:00	2018-01-24 06:11:00
202	fast	2	6	2018-01-24 06:11:00	2018-01-24 06:11:00
203	fast	3	21	2018-01-24 06:11:00	2018-01-24 06:11:00
204	fast	4	51	2018-01-24 06:11:00	2018-01-24 06:11:00
205	fast	5	100	2018-01-24 06:11:00	2018-01-24 06:11:00
206	fast	6	172	2018-01-24 06:11:00	2018-01-24 06:11:00
207	fast	7	274	2018-01-24 06:11:00	2018-01-24 06:11:00
208	fast	8	409	2018-01-24 06:11:00	2018-01-24 06:11:00
209	fast	9	583	2018-01-24 06:11:00	2018-01-24 06:11:00
210	fast	10	800	2018-01-24 06:11:00	2018-01-24 06:11:00
211	fast	11	1064	2018-01-24 06:11:00	2018-01-24 06:11:00
212	fast	12	1382	2018-01-24 06:11:00	2018-01-24 06:11:00
213	fast	13	1757	2018-01-24 06:11:00	2018-01-24 06:11:00
214	fast	14	2195	2018-01-24 06:11:00	2018-01-24 06:11:00
215	fast	15	2700	2018-01-24 06:11:00	2018-01-24 06:11:00
216	fast	16	3276	2018-01-24 06:11:00	2018-01-24 06:11:00
217	fast	17	3930	2018-01-24 06:11:00	2018-01-24 06:11:00
218	fast	18	4665	2018-01-24 06:11:00	2018-01-24 06:11:00
219	fast	19	5487	2018-01-24 06:11:00	2018-01-24 06:11:00
220	fast	20	6400	2018-01-24 06:11:00	2018-01-24 06:11:00
221	fast	21	7408	2018-01-24 06:11:00	2018-01-24 06:11:00
222	fast	22	8518	2018-01-24 06:11:00	2018-01-24 06:11:00
223	fast	23	9733	2018-01-24 06:11:00	2018-01-24 06:11:00
224	fast	24	11059	2018-01-24 06:11:00	2018-01-24 06:11:00
225	fast	25	12500	2018-01-24 06:11:00	2018-01-24 06:11:00
226	fast	26	14060	2018-01-24 06:11:00	2018-01-24 06:11:00
227	fast	27	15746	2018-01-24 06:11:00	2018-01-24 06:11:00
228	fast	28	17561	2018-01-24 06:11:00	2018-01-24 06:11:00
229	fast	29	19511	2018-01-24 06:11:00	2018-01-24 06:11:00
230	fast	30	21600	2018-01-24 06:11:00	2018-01-24 06:11:00
231	fast	31	23832	2018-01-24 06:11:00	2018-01-24 06:11:00
232	fast	32	26214	2018-01-24 06:11:00	2018-01-24 06:11:00
233	fast	33	28749	2018-01-24 06:11:00	2018-01-24 06:11:00
234	fast	34	31443	2018-01-24 06:11:00	2018-01-24 06:11:00
235	fast	35	34300	2018-01-24 06:11:00	2018-01-24 06:11:00
236	fast	36	37324	2018-01-24 06:11:00	2018-01-24 06:11:00
237	fast	37	40522	2018-01-24 06:11:00	2018-01-24 06:11:00
238	fast	38	43897	2018-01-24 06:11:00	2018-01-24 06:11:00
239	fast	39	47455	2018-01-24 06:11:00	2018-01-24 06:11:00
240	fast	40	51200	2018-01-24 06:11:00	2018-01-24 06:11:00
241	fast	41	55136	2018-01-24 06:11:00	2018-01-24 06:11:00
242	fast	42	59270	2018-01-24 06:11:00	2018-01-24 06:11:00
243	fast	43	63605	2018-01-24 06:11:00	2018-01-24 06:11:00
244	fast	44	68147	2018-01-24 06:11:00	2018-01-24 06:11:00
245	fast	45	72900	2018-01-24 06:11:00	2018-01-24 06:11:00
246	fast	46	77868	2018-01-24 06:11:00	2018-01-24 06:11:00
247	fast	47	83058	2018-01-24 06:11:00	2018-01-24 06:11:00
248	fast	48	88473	2018-01-24 06:11:00	2018-01-24 06:11:00
249	fast	49	94119	2018-01-24 06:11:00	2018-01-24 06:11:00
250	fast	50	100000	2018-01-24 06:11:00	2018-01-24 06:11:00
251	fast	51	106120	2018-01-24 06:11:00	2018-01-24 06:11:00
252	fast	52	112486	2018-01-24 06:11:00	2018-01-24 06:11:00
253	fast	53	119101	2018-01-24 06:11:00	2018-01-24 06:11:00
254	fast	54	125971	2018-01-24 06:11:00	2018-01-24 06:11:00
255	fast	55	133100	2018-01-24 06:11:00	2018-01-24 06:11:00
256	fast	56	140492	2018-01-24 06:11:00	2018-01-24 06:11:00
257	fast	57	148154	2018-01-24 06:11:00	2018-01-24 06:11:00
258	fast	58	156089	2018-01-24 06:11:00	2018-01-24 06:11:00
259	fast	59	164303	2018-01-24 06:11:00	2018-01-24 06:11:00
260	fast	60	172800	2018-01-24 06:11:00	2018-01-24 06:11:00
261	fast	61	181584	2018-01-24 06:11:00	2018-01-24 06:11:00
262	fast	62	190662	2018-01-24 06:11:00	2018-01-24 06:11:00
263	fast	63	200037	2018-01-24 06:11:00	2018-01-24 06:11:00
264	fast	64	209715	2018-01-24 06:11:00	2018-01-24 06:11:00
265	fast	65	219700	2018-01-24 06:11:00	2018-01-24 06:11:00
266	fast	66	229996	2018-01-24 06:11:00	2018-01-24 06:11:00
267	fast	67	240610	2018-01-24 06:11:00	2018-01-24 06:11:00
268	fast	68	251545	2018-01-24 06:11:00	2018-01-24 06:11:00
269	fast	69	262807	2018-01-24 06:11:00	2018-01-24 06:11:00
270	fast	70	274400	2018-01-24 06:11:00	2018-01-24 06:11:00
271	fast	71	286328	2018-01-24 06:11:00	2018-01-24 06:11:00
272	fast	72	298598	2018-01-24 06:11:00	2018-01-24 06:11:00
273	fast	73	311213	2018-01-24 06:11:00	2018-01-24 06:11:00
274	fast	74	324179	2018-01-24 06:11:00	2018-01-24 06:11:00
275	fast	75	337500	2018-01-24 06:11:00	2018-01-24 06:11:00
276	fast	76	351180	2018-01-24 06:11:00	2018-01-24 06:11:00
277	fast	77	365226	2018-01-24 06:11:00	2018-01-24 06:11:00
278	fast	78	379641	2018-01-24 06:11:00	2018-01-24 06:11:00
279	fast	79	394431	2018-01-24 06:11:00	2018-01-24 06:11:00
280	fast	80	409600	2018-01-24 06:11:00	2018-01-24 06:11:00
281	fast	81	425152	2018-01-24 06:11:00	2018-01-24 06:11:00
282	fast	82	441094	2018-01-24 06:11:00	2018-01-24 06:11:00
283	fast	83	457429	2018-01-24 06:11:00	2018-01-24 06:11:00
284	fast	84	474163	2018-01-24 06:11:00	2018-01-24 06:11:00
285	fast	85	491300	2018-01-24 06:11:00	2018-01-24 06:11:00
286	fast	86	508844	2018-01-24 06:11:00	2018-01-24 06:11:00
287	fast	87	526802	2018-01-24 06:11:00	2018-01-24 06:11:00
288	fast	88	545177	2018-01-24 06:11:00	2018-01-24 06:11:00
289	fast	89	563975	2018-01-24 06:11:00	2018-01-24 06:11:00
290	fast	90	583200	2018-01-24 06:11:00	2018-01-24 06:11:00
291	fast	91	602856	2018-01-24 06:11:00	2018-01-24 06:11:00
292	fast	92	622950	2018-01-24 06:11:00	2018-01-24 06:11:00
293	fast	93	643485	2018-01-24 06:11:00	2018-01-24 06:11:00
294	fast	94	664467	2018-01-24 06:11:00	2018-01-24 06:11:00
295	fast	95	685900	2018-01-24 06:11:00	2018-01-24 06:11:00
296	fast	96	707788	2018-01-24 06:11:00	2018-01-24 06:11:00
297	fast	97	730138	2018-01-24 06:11:00	2018-01-24 06:11:00
298	fast	98	752953	2018-01-24 06:11:00	2018-01-24 06:11:00
299	fast	99	776239	2018-01-24 06:11:00	2018-01-24 06:11:00
300	fast	100	800000	2018-01-24 06:11:00	2018-01-24 06:11:00
301	medium-slow	1	0	2018-01-24 06:11:00	2018-01-24 06:11:00
302	medium-slow	2	9	2018-01-24 06:11:00	2018-01-24 06:11:00
303	medium-slow	3	57	2018-01-24 06:11:00	2018-01-24 06:11:00
304	medium-slow	4	96	2018-01-24 06:11:00	2018-01-24 06:11:00
305	medium-slow	5	135	2018-01-24 06:11:00	2018-01-24 06:11:00
306	medium-slow	6	179	2018-01-24 06:11:00	2018-01-24 06:11:00
307	medium-slow	7	236	2018-01-24 06:11:00	2018-01-24 06:11:00
308	medium-slow	8	314	2018-01-24 06:11:00	2018-01-24 06:11:00
309	medium-slow	9	419	2018-01-24 06:11:00	2018-01-24 06:11:00
310	medium-slow	10	560	2018-01-24 06:11:00	2018-01-24 06:11:00
311	medium-slow	11	742	2018-01-24 06:11:00	2018-01-24 06:11:00
312	medium-slow	12	973	2018-01-24 06:11:00	2018-01-24 06:11:00
313	medium-slow	13	1261	2018-01-24 06:11:00	2018-01-24 06:11:00
314	medium-slow	14	1612	2018-01-24 06:11:00	2018-01-24 06:11:00
315	medium-slow	15	2035	2018-01-24 06:11:00	2018-01-24 06:11:00
316	medium-slow	16	2535	2018-01-24 06:11:00	2018-01-24 06:11:00
317	medium-slow	17	3120	2018-01-24 06:11:00	2018-01-24 06:11:00
318	medium-slow	18	3798	2018-01-24 06:11:00	2018-01-24 06:11:00
319	medium-slow	19	4575	2018-01-24 06:11:00	2018-01-24 06:11:00
320	medium-slow	20	5460	2018-01-24 06:11:00	2018-01-24 06:11:00
321	medium-slow	21	6458	2018-01-24 06:11:00	2018-01-24 06:11:00
322	medium-slow	22	7577	2018-01-24 06:11:00	2018-01-24 06:11:00
323	medium-slow	23	8825	2018-01-24 06:11:00	2018-01-24 06:11:00
324	medium-slow	24	10208	2018-01-24 06:11:00	2018-01-24 06:11:00
325	medium-slow	25	11735	2018-01-24 06:11:00	2018-01-24 06:11:00
326	medium-slow	26	13411	2018-01-24 06:11:00	2018-01-24 06:11:00
327	medium-slow	27	15244	2018-01-24 06:11:00	2018-01-24 06:11:00
328	medium-slow	28	17242	2018-01-24 06:11:00	2018-01-24 06:11:00
329	medium-slow	29	19411	2018-01-24 06:11:00	2018-01-24 06:11:00
330	medium-slow	30	21760	2018-01-24 06:11:00	2018-01-24 06:11:00
331	medium-slow	31	24294	2018-01-24 06:11:00	2018-01-24 06:11:00
332	medium-slow	32	27021	2018-01-24 06:11:00	2018-01-24 06:11:00
333	medium-slow	33	29949	2018-01-24 06:11:00	2018-01-24 06:11:00
334	medium-slow	34	33084	2018-01-24 06:11:00	2018-01-24 06:11:00
335	medium-slow	35	36435	2018-01-24 06:11:00	2018-01-24 06:11:00
336	medium-slow	36	40007	2018-01-24 06:11:00	2018-01-24 06:11:00
337	medium-slow	37	43808	2018-01-24 06:11:00	2018-01-24 06:11:00
338	medium-slow	38	47846	2018-01-24 06:11:00	2018-01-24 06:11:00
339	medium-slow	39	52127	2018-01-24 06:11:00	2018-01-24 06:11:00
340	medium-slow	40	56660	2018-01-24 06:11:00	2018-01-24 06:11:00
341	medium-slow	41	61450	2018-01-24 06:11:00	2018-01-24 06:11:00
342	medium-slow	42	66505	2018-01-24 06:11:00	2018-01-24 06:11:00
343	medium-slow	43	71833	2018-01-24 06:11:00	2018-01-24 06:11:00
344	medium-slow	44	77440	2018-01-24 06:11:00	2018-01-24 06:11:00
345	medium-slow	45	83335	2018-01-24 06:11:00	2018-01-24 06:11:00
346	medium-slow	46	89523	2018-01-24 06:11:00	2018-01-24 06:11:00
347	medium-slow	47	96012	2018-01-24 06:11:00	2018-01-24 06:11:00
348	medium-slow	48	102810	2018-01-24 06:11:00	2018-01-24 06:11:00
349	medium-slow	49	109923	2018-01-24 06:11:00	2018-01-24 06:11:00
350	medium-slow	50	117360	2018-01-24 06:11:00	2018-01-24 06:11:00
351	medium-slow	51	125126	2018-01-24 06:11:00	2018-01-24 06:11:00
352	medium-slow	52	133229	2018-01-24 06:11:00	2018-01-24 06:11:00
353	medium-slow	53	141677	2018-01-24 06:11:00	2018-01-24 06:11:00
354	medium-slow	54	150476	2018-01-24 06:11:00	2018-01-24 06:11:00
355	medium-slow	55	159635	2018-01-24 06:11:00	2018-01-24 06:11:00
356	medium-slow	56	169159	2018-01-24 06:11:00	2018-01-24 06:11:00
357	medium-slow	57	179056	2018-01-24 06:11:00	2018-01-24 06:11:00
358	medium-slow	58	189334	2018-01-24 06:11:00	2018-01-24 06:11:00
359	medium-slow	59	199999	2018-01-24 06:11:00	2018-01-24 06:11:00
360	medium-slow	60	211060	2018-01-24 06:11:00	2018-01-24 06:11:00
361	medium-slow	61	222522	2018-01-24 06:11:00	2018-01-24 06:11:00
362	medium-slow	62	234393	2018-01-24 06:11:00	2018-01-24 06:11:00
363	medium-slow	63	246681	2018-01-24 06:11:00	2018-01-24 06:11:00
364	medium-slow	64	259392	2018-01-24 06:11:00	2018-01-24 06:11:00
365	medium-slow	65	272535	2018-01-24 06:11:00	2018-01-24 06:11:00
366	medium-slow	66	286115	2018-01-24 06:11:00	2018-01-24 06:11:00
367	medium-slow	67	300140	2018-01-24 06:11:00	2018-01-24 06:11:00
368	medium-slow	68	314618	2018-01-24 06:11:00	2018-01-24 06:11:00
369	medium-slow	69	329555	2018-01-24 06:11:00	2018-01-24 06:11:00
370	medium-slow	70	344960	2018-01-24 06:11:00	2018-01-24 06:11:00
371	medium-slow	71	360838	2018-01-24 06:11:00	2018-01-24 06:11:00
372	medium-slow	72	377197	2018-01-24 06:11:00	2018-01-24 06:11:00
373	medium-slow	73	394045	2018-01-24 06:11:00	2018-01-24 06:11:00
374	medium-slow	74	411388	2018-01-24 06:11:00	2018-01-24 06:11:00
375	medium-slow	75	429235	2018-01-24 06:11:00	2018-01-24 06:11:00
376	medium-slow	76	447591	2018-01-24 06:11:00	2018-01-24 06:11:00
377	medium-slow	77	466464	2018-01-24 06:11:00	2018-01-24 06:11:00
378	medium-slow	78	485862	2018-01-24 06:11:00	2018-01-24 06:11:00
379	medium-slow	79	505791	2018-01-24 06:11:00	2018-01-24 06:11:00
380	medium-slow	80	526260	2018-01-24 06:11:00	2018-01-24 06:11:00
381	medium-slow	81	547274	2018-01-24 06:11:00	2018-01-24 06:11:00
382	medium-slow	82	568841	2018-01-24 06:11:00	2018-01-24 06:11:00
383	medium-slow	83	590969	2018-01-24 06:11:00	2018-01-24 06:11:00
384	medium-slow	84	613664	2018-01-24 06:11:00	2018-01-24 06:11:00
385	medium-slow	85	636935	2018-01-24 06:11:00	2018-01-24 06:11:00
386	medium-slow	86	660787	2018-01-24 06:11:00	2018-01-24 06:11:00
387	medium-slow	87	685228	2018-01-24 06:11:00	2018-01-24 06:11:00
388	medium-slow	88	710266	2018-01-24 06:11:00	2018-01-24 06:11:00
389	medium-slow	89	735907	2018-01-24 06:11:00	2018-01-24 06:11:00
390	medium-slow	90	762160	2018-01-24 06:11:00	2018-01-24 06:11:00
391	medium-slow	91	789030	2018-01-24 06:11:00	2018-01-24 06:11:00
392	medium-slow	92	816525	2018-01-24 06:11:00	2018-01-24 06:11:00
393	medium-slow	93	844653	2018-01-24 06:11:00	2018-01-24 06:11:00
394	medium-slow	94	873420	2018-01-24 06:11:00	2018-01-24 06:11:00
395	medium-slow	95	902835	2018-01-24 06:11:00	2018-01-24 06:11:00
396	medium-slow	96	932903	2018-01-24 06:11:00	2018-01-24 06:11:00
397	medium-slow	97	963632	2018-01-24 06:11:00	2018-01-24 06:11:00
398	medium-slow	98	995030	2018-01-24 06:11:00	2018-01-24 06:11:00
399	medium-slow	99	1027103	2018-01-24 06:11:00	2018-01-24 06:11:00
400	medium-slow	100	1059860	2018-01-24 06:11:00	2018-01-24 06:11:00
401	slow-then-very-fast	1	0	2018-01-24 06:11:00	2018-01-24 06:11:00
402	slow-then-very-fast	2	15	2018-01-24 06:11:00	2018-01-24 06:11:00
403	slow-then-very-fast	3	52	2018-01-24 06:11:00	2018-01-24 06:11:00
404	slow-then-very-fast	4	122	2018-01-24 06:11:00	2018-01-24 06:11:00
405	slow-then-very-fast	5	237	2018-01-24 06:11:00	2018-01-24 06:11:00
406	slow-then-very-fast	6	406	2018-01-24 06:11:00	2018-01-24 06:11:00
407	slow-then-very-fast	7	637	2018-01-24 06:11:00	2018-01-24 06:11:00
408	slow-then-very-fast	8	942	2018-01-24 06:11:00	2018-01-24 06:11:00
409	slow-then-very-fast	9	1326	2018-01-24 06:11:00	2018-01-24 06:11:00
410	slow-then-very-fast	10	1800	2018-01-24 06:11:00	2018-01-24 06:11:00
411	slow-then-very-fast	11	2369	2018-01-24 06:11:00	2018-01-24 06:11:00
412	slow-then-very-fast	12	3041	2018-01-24 06:11:00	2018-01-24 06:11:00
413	slow-then-very-fast	13	3822	2018-01-24 06:11:00	2018-01-24 06:11:00
414	slow-then-very-fast	14	4719	2018-01-24 06:11:00	2018-01-24 06:11:00
415	slow-then-very-fast	15	5737	2018-01-24 06:11:00	2018-01-24 06:11:00
416	slow-then-very-fast	16	6881	2018-01-24 06:11:00	2018-01-24 06:11:00
417	slow-then-very-fast	17	8155	2018-01-24 06:11:00	2018-01-24 06:11:00
418	slow-then-very-fast	18	9564	2018-01-24 06:11:00	2018-01-24 06:11:00
419	slow-then-very-fast	19	11111	2018-01-24 06:11:00	2018-01-24 06:11:00
420	slow-then-very-fast	20	12800	2018-01-24 06:11:00	2018-01-24 06:11:00
421	slow-then-very-fast	21	14632	2018-01-24 06:11:00	2018-01-24 06:11:00
422	slow-then-very-fast	22	16610	2018-01-24 06:11:00	2018-01-24 06:11:00
423	slow-then-very-fast	23	18737	2018-01-24 06:11:00	2018-01-24 06:11:00
424	slow-then-very-fast	24	21012	2018-01-24 06:11:00	2018-01-24 06:11:00
425	slow-then-very-fast	25	23437	2018-01-24 06:11:00	2018-01-24 06:11:00
426	slow-then-very-fast	26	26012	2018-01-24 06:11:00	2018-01-24 06:11:00
427	slow-then-very-fast	27	28737	2018-01-24 06:11:00	2018-01-24 06:11:00
428	slow-then-very-fast	28	31610	2018-01-24 06:11:00	2018-01-24 06:11:00
429	slow-then-very-fast	29	34632	2018-01-24 06:11:00	2018-01-24 06:11:00
430	slow-then-very-fast	30	37800	2018-01-24 06:11:00	2018-01-24 06:11:00
431	slow-then-very-fast	31	41111	2018-01-24 06:11:00	2018-01-24 06:11:00
432	slow-then-very-fast	32	44564	2018-01-24 06:11:00	2018-01-24 06:11:00
433	slow-then-very-fast	33	48155	2018-01-24 06:11:00	2018-01-24 06:11:00
434	slow-then-very-fast	34	51881	2018-01-24 06:11:00	2018-01-24 06:11:00
435	slow-then-very-fast	35	55737	2018-01-24 06:11:00	2018-01-24 06:11:00
436	slow-then-very-fast	36	59719	2018-01-24 06:11:00	2018-01-24 06:11:00
437	slow-then-very-fast	37	63822	2018-01-24 06:11:00	2018-01-24 06:11:00
438	slow-then-very-fast	38	68041	2018-01-24 06:11:00	2018-01-24 06:11:00
439	slow-then-very-fast	39	72369	2018-01-24 06:11:00	2018-01-24 06:11:00
440	slow-then-very-fast	40	76800	2018-01-24 06:11:00	2018-01-24 06:11:00
441	slow-then-very-fast	41	81326	2018-01-24 06:11:00	2018-01-24 06:11:00
442	slow-then-very-fast	42	85942	2018-01-24 06:11:00	2018-01-24 06:11:00
443	slow-then-very-fast	43	90637	2018-01-24 06:11:00	2018-01-24 06:11:00
444	slow-then-very-fast	44	95406	2018-01-24 06:11:00	2018-01-24 06:11:00
445	slow-then-very-fast	45	100237	2018-01-24 06:11:00	2018-01-24 06:11:00
446	slow-then-very-fast	46	105122	2018-01-24 06:11:00	2018-01-24 06:11:00
447	slow-then-very-fast	47	110052	2018-01-24 06:11:00	2018-01-24 06:11:00
448	slow-then-very-fast	48	115015	2018-01-24 06:11:00	2018-01-24 06:11:00
449	slow-then-very-fast	49	120001	2018-01-24 06:11:00	2018-01-24 06:11:00
450	slow-then-very-fast	50	125000	2018-01-24 06:11:00	2018-01-24 06:11:00
451	slow-then-very-fast	51	131324	2018-01-24 06:11:00	2018-01-24 06:11:00
452	slow-then-very-fast	52	137795	2018-01-24 06:11:00	2018-01-24 06:11:00
453	slow-then-very-fast	53	144410	2018-01-24 06:11:00	2018-01-24 06:11:00
454	slow-then-very-fast	54	151165	2018-01-24 06:11:00	2018-01-24 06:11:00
455	slow-then-very-fast	55	158056	2018-01-24 06:11:00	2018-01-24 06:11:00
456	slow-then-very-fast	56	165079	2018-01-24 06:11:00	2018-01-24 06:11:00
457	slow-then-very-fast	57	172229	2018-01-24 06:11:00	2018-01-24 06:11:00
458	slow-then-very-fast	58	179503	2018-01-24 06:11:00	2018-01-24 06:11:00
459	slow-then-very-fast	59	186894	2018-01-24 06:11:00	2018-01-24 06:11:00
460	slow-then-very-fast	60	194400	2018-01-24 06:11:00	2018-01-24 06:11:00
461	slow-then-very-fast	61	202013	2018-01-24 06:11:00	2018-01-24 06:11:00
462	slow-then-very-fast	62	209728	2018-01-24 06:11:00	2018-01-24 06:11:00
463	slow-then-very-fast	63	217540	2018-01-24 06:11:00	2018-01-24 06:11:00
464	slow-then-very-fast	64	225443	2018-01-24 06:11:00	2018-01-24 06:11:00
465	slow-then-very-fast	65	233431	2018-01-24 06:11:00	2018-01-24 06:11:00
466	slow-then-very-fast	66	241496	2018-01-24 06:11:00	2018-01-24 06:11:00
467	slow-then-very-fast	67	249633	2018-01-24 06:11:00	2018-01-24 06:11:00
468	slow-then-very-fast	68	257834	2018-01-24 06:11:00	2018-01-24 06:11:00
469	slow-then-very-fast	69	267406	2018-01-24 06:11:00	2018-01-24 06:11:00
470	slow-then-very-fast	70	276458	2018-01-24 06:11:00	2018-01-24 06:11:00
471	slow-then-very-fast	71	286328	2018-01-24 06:11:00	2018-01-24 06:11:00
472	slow-then-very-fast	72	296358	2018-01-24 06:11:00	2018-01-24 06:11:00
473	slow-then-very-fast	73	305767	2018-01-24 06:11:00	2018-01-24 06:11:00
474	slow-then-very-fast	74	316074	2018-01-24 06:11:00	2018-01-24 06:11:00
475	slow-then-very-fast	75	326531	2018-01-24 06:11:00	2018-01-24 06:11:00
476	slow-then-very-fast	76	336255	2018-01-24 06:11:00	2018-01-24 06:11:00
477	slow-then-very-fast	77	346965	2018-01-24 06:11:00	2018-01-24 06:11:00
478	slow-then-very-fast	78	357812	2018-01-24 06:11:00	2018-01-24 06:11:00
479	slow-then-very-fast	79	367807	2018-01-24 06:11:00	2018-01-24 06:11:00
480	slow-then-very-fast	80	378880	2018-01-24 06:11:00	2018-01-24 06:11:00
481	slow-then-very-fast	81	390077	2018-01-24 06:11:00	2018-01-24 06:11:00
482	slow-then-very-fast	82	400293	2018-01-24 06:11:00	2018-01-24 06:11:00
483	slow-then-very-fast	83	411686	2018-01-24 06:11:00	2018-01-24 06:11:00
484	slow-then-very-fast	84	423190	2018-01-24 06:11:00	2018-01-24 06:11:00
485	slow-then-very-fast	85	433572	2018-01-24 06:11:00	2018-01-24 06:11:00
486	slow-then-very-fast	86	445239	2018-01-24 06:11:00	2018-01-24 06:11:00
487	slow-then-very-fast	87	457001	2018-01-24 06:11:00	2018-01-24 06:11:00
488	slow-then-very-fast	88	467489	2018-01-24 06:11:00	2018-01-24 06:11:00
489	slow-then-very-fast	89	479378	2018-01-24 06:11:00	2018-01-24 06:11:00
490	slow-then-very-fast	90	491346	2018-01-24 06:11:00	2018-01-24 06:11:00
491	slow-then-very-fast	91	501878	2018-01-24 06:11:00	2018-01-24 06:11:00
492	slow-then-very-fast	92	513934	2018-01-24 06:11:00	2018-01-24 06:11:00
493	slow-then-very-fast	93	526049	2018-01-24 06:11:00	2018-01-24 06:11:00
494	slow-then-very-fast	94	536557	2018-01-24 06:11:00	2018-01-24 06:11:00
495	slow-then-very-fast	95	548720	2018-01-24 06:11:00	2018-01-24 06:11:00
496	slow-then-very-fast	96	560922	2018-01-24 06:11:00	2018-01-24 06:11:00
497	slow-then-very-fast	97	571333	2018-01-24 06:11:00	2018-01-24 06:11:00
498	slow-then-very-fast	98	583539	2018-01-24 06:11:00	2018-01-24 06:11:00
499	slow-then-very-fast	99	591882	2018-01-24 06:11:00	2018-01-24 06:11:00
500	slow-then-very-fast	100	600000	2018-01-24 06:11:00	2018-01-24 06:11:00
501	fast-then-very-slow	1	0	2018-01-24 06:11:00	2018-01-24 06:11:00
502	fast-then-very-slow	2	4	2018-01-24 06:11:00	2018-01-24 06:11:00
503	fast-then-very-slow	3	13	2018-01-24 06:11:00	2018-01-24 06:11:00
504	fast-then-very-slow	4	32	2018-01-24 06:11:00	2018-01-24 06:11:00
505	fast-then-very-slow	5	65	2018-01-24 06:11:00	2018-01-24 06:11:00
506	fast-then-very-slow	6	112	2018-01-24 06:11:00	2018-01-24 06:11:00
507	fast-then-very-slow	7	178	2018-01-24 06:11:00	2018-01-24 06:11:00
508	fast-then-very-slow	8	276	2018-01-24 06:11:00	2018-01-24 06:11:00
509	fast-then-very-slow	9	393	2018-01-24 06:11:00	2018-01-24 06:11:00
510	fast-then-very-slow	10	540	2018-01-24 06:11:00	2018-01-24 06:11:00
511	fast-then-very-slow	11	745	2018-01-24 06:11:00	2018-01-24 06:11:00
512	fast-then-very-slow	12	967	2018-01-24 06:11:00	2018-01-24 06:11:00
513	fast-then-very-slow	13	1230	2018-01-24 06:11:00	2018-01-24 06:11:00
514	fast-then-very-slow	14	1591	2018-01-24 06:11:00	2018-01-24 06:11:00
515	fast-then-very-slow	15	1957	2018-01-24 06:11:00	2018-01-24 06:11:00
516	fast-then-very-slow	16	2457	2018-01-24 06:11:00	2018-01-24 06:11:00
517	fast-then-very-slow	17	3046	2018-01-24 06:11:00	2018-01-24 06:11:00
518	fast-then-very-slow	18	3732	2018-01-24 06:11:00	2018-01-24 06:11:00
519	fast-then-very-slow	19	4526	2018-01-24 06:11:00	2018-01-24 06:11:00
520	fast-then-very-slow	20	5440	2018-01-24 06:11:00	2018-01-24 06:11:00
521	fast-then-very-slow	21	6482	2018-01-24 06:11:00	2018-01-24 06:11:00
522	fast-then-very-slow	22	7666	2018-01-24 06:11:00	2018-01-24 06:11:00
523	fast-then-very-slow	23	9003	2018-01-24 06:11:00	2018-01-24 06:11:00
524	fast-then-very-slow	24	10506	2018-01-24 06:11:00	2018-01-24 06:11:00
525	fast-then-very-slow	25	12187	2018-01-24 06:11:00	2018-01-24 06:11:00
526	fast-then-very-slow	26	14060	2018-01-24 06:11:00	2018-01-24 06:11:00
527	fast-then-very-slow	27	16140	2018-01-24 06:11:00	2018-01-24 06:11:00
528	fast-then-very-slow	28	18439	2018-01-24 06:11:00	2018-01-24 06:11:00
529	fast-then-very-slow	29	20974	2018-01-24 06:11:00	2018-01-24 06:11:00
530	fast-then-very-slow	30	23760	2018-01-24 06:11:00	2018-01-24 06:11:00
531	fast-then-very-slow	31	26811	2018-01-24 06:11:00	2018-01-24 06:11:00
532	fast-then-very-slow	32	30146	2018-01-24 06:11:00	2018-01-24 06:11:00
533	fast-then-very-slow	33	33780	2018-01-24 06:11:00	2018-01-24 06:11:00
534	fast-then-very-slow	34	37731	2018-01-24 06:11:00	2018-01-24 06:11:00
535	fast-then-very-slow	35	42017	2018-01-24 06:11:00	2018-01-24 06:11:00
536	fast-then-very-slow	36	46656	2018-01-24 06:11:00	2018-01-24 06:11:00
537	fast-then-very-slow	37	50653	2018-01-24 06:11:00	2018-01-24 06:11:00
538	fast-then-very-slow	38	55969	2018-01-24 06:11:00	2018-01-24 06:11:00
539	fast-then-very-slow	39	60505	2018-01-24 06:11:00	2018-01-24 06:11:00
540	fast-then-very-slow	40	66560	2018-01-24 06:11:00	2018-01-24 06:11:00
541	fast-then-very-slow	41	71677	2018-01-24 06:11:00	2018-01-24 06:11:00
542	fast-then-very-slow	42	78533	2018-01-24 06:11:00	2018-01-24 06:11:00
543	fast-then-very-slow	43	84277	2018-01-24 06:11:00	2018-01-24 06:11:00
544	fast-then-very-slow	44	91998	2018-01-24 06:11:00	2018-01-24 06:11:00
545	fast-then-very-slow	45	98415	2018-01-24 06:11:00	2018-01-24 06:11:00
546	fast-then-very-slow	46	107069	2018-01-24 06:11:00	2018-01-24 06:11:00
547	fast-then-very-slow	47	114205	2018-01-24 06:11:00	2018-01-24 06:11:00
548	fast-then-very-slow	48	123863	2018-01-24 06:11:00	2018-01-24 06:11:00
549	fast-then-very-slow	49	131766	2018-01-24 06:11:00	2018-01-24 06:11:00
550	fast-then-very-slow	50	142500	2018-01-24 06:11:00	2018-01-24 06:11:00
551	fast-then-very-slow	51	151222	2018-01-24 06:11:00	2018-01-24 06:11:00
552	fast-then-very-slow	52	163105	2018-01-24 06:11:00	2018-01-24 06:11:00
553	fast-then-very-slow	53	172697	2018-01-24 06:11:00	2018-01-24 06:11:00
554	fast-then-very-slow	54	185807	2018-01-24 06:11:00	2018-01-24 06:11:00
555	fast-then-very-slow	55	196322	2018-01-24 06:11:00	2018-01-24 06:11:00
556	fast-then-very-slow	56	210739	2018-01-24 06:11:00	2018-01-24 06:11:00
557	fast-then-very-slow	57	222231	2018-01-24 06:11:00	2018-01-24 06:11:00
558	fast-then-very-slow	58	238036	2018-01-24 06:11:00	2018-01-24 06:11:00
559	fast-then-very-slow	59	250562	2018-01-24 06:11:00	2018-01-24 06:11:00
560	fast-then-very-slow	60	267840	2018-01-24 06:11:00	2018-01-24 06:11:00
561	fast-then-very-slow	61	281456	2018-01-24 06:11:00	2018-01-24 06:11:00
562	fast-then-very-slow	62	300293	2018-01-24 06:11:00	2018-01-24 06:11:00
563	fast-then-very-slow	63	315059	2018-01-24 06:11:00	2018-01-24 06:11:00
564	fast-then-very-slow	64	335544	2018-01-24 06:11:00	2018-01-24 06:11:00
565	fast-then-very-slow	65	351520	2018-01-24 06:11:00	2018-01-24 06:11:00
566	fast-then-very-slow	66	373744	2018-01-24 06:11:00	2018-01-24 06:11:00
567	fast-then-very-slow	67	390991	2018-01-24 06:11:00	2018-01-24 06:11:00
568	fast-then-very-slow	68	415050	2018-01-24 06:11:00	2018-01-24 06:11:00
569	fast-then-very-slow	69	433631	2018-01-24 06:11:00	2018-01-24 06:11:00
570	fast-then-very-slow	70	459620	2018-01-24 06:11:00	2018-01-24 06:11:00
571	fast-then-very-slow	71	479600	2018-01-24 06:11:00	2018-01-24 06:11:00
572	fast-then-very-slow	72	507617	2018-01-24 06:11:00	2018-01-24 06:11:00
573	fast-then-very-slow	73	529063	2018-01-24 06:11:00	2018-01-24 06:11:00
574	fast-then-very-slow	74	559209	2018-01-24 06:11:00	2018-01-24 06:11:00
575	fast-then-very-slow	75	582187	2018-01-24 06:11:00	2018-01-24 06:11:00
576	fast-then-very-slow	76	614566	2018-01-24 06:11:00	2018-01-24 06:11:00
577	fast-then-very-slow	77	639146	2018-01-24 06:11:00	2018-01-24 06:11:00
578	fast-then-very-slow	78	673863	2018-01-24 06:11:00	2018-01-24 06:11:00
579	fast-then-very-slow	79	700115	2018-01-24 06:11:00	2018-01-24 06:11:00
580	fast-then-very-slow	80	737280	2018-01-24 06:11:00	2018-01-24 06:11:00
581	fast-then-very-slow	81	765275	2018-01-24 06:11:00	2018-01-24 06:11:00
582	fast-then-very-slow	82	804997	2018-01-24 06:11:00	2018-01-24 06:11:00
583	fast-then-very-slow	83	834809	2018-01-24 06:11:00	2018-01-24 06:11:00
584	fast-then-very-slow	84	877201	2018-01-24 06:11:00	2018-01-24 06:11:00
585	fast-then-very-slow	85	908905	2018-01-24 06:11:00	2018-01-24 06:11:00
586	fast-then-very-slow	86	954084	2018-01-24 06:11:00	2018-01-24 06:11:00
587	fast-then-very-slow	87	987754	2018-01-24 06:11:00	2018-01-24 06:11:00
588	fast-then-very-slow	88	1035837	2018-01-24 06:11:00	2018-01-24 06:11:00
589	fast-then-very-slow	89	1071552	2018-01-24 06:11:00	2018-01-24 06:11:00
590	fast-then-very-slow	90	1122660	2018-01-24 06:11:00	2018-01-24 06:11:00
591	fast-then-very-slow	91	1160499	2018-01-24 06:11:00	2018-01-24 06:11:00
592	fast-then-very-slow	92	1214753	2018-01-24 06:11:00	2018-01-24 06:11:00
593	fast-then-very-slow	93	1254796	2018-01-24 06:11:00	2018-01-24 06:11:00
594	fast-then-very-slow	94	1312322	2018-01-24 06:11:00	2018-01-24 06:11:00
595	fast-then-very-slow	95	1354652	2018-01-24 06:11:00	2018-01-24 06:11:00
596	fast-then-very-slow	96	1415577	2018-01-24 06:11:00	2018-01-24 06:11:00
597	fast-then-very-slow	97	1460276	2018-01-24 06:11:00	2018-01-24 06:11:00
598	fast-then-very-slow	98	1524731	2018-01-24 06:11:00	2018-01-24 06:11:00
599	fast-then-very-slow	99	1571884	2018-01-24 06:11:00	2018-01-24 06:11:00
600	fast-then-very-slow	100	1640000	2018-01-24 06:11:00	2018-01-24 06:11:00
\.


--
-- Name: experiences_id_seq; Type: SEQUENCE SET; Schema: public; Owner: darkend
--

SELECT pg_catalog.setval('experiences_id_seq', 1, false);


--
-- Data for Name: habitats; Type: TABLE DATA; Schema: public; Owner: darkend
--

COPY habitats (id, identifier, rarity, created_at, updated_at) FROM stdin;
1	cave	57	2018-01-24 06:11:00	2018-01-25 06:11:00
2	forest	146	2018-01-25 06:11:00	2018-01-26 06:11:00
3	grassland	173	2018-01-26 06:11:00	2018-01-27 06:11:00
4	mountain	153	2018-01-27 06:11:00	2018-01-28 06:11:00
5	rare	10	2018-01-28 06:11:00	2018-01-29 06:11:00
6	rough-terrain	75	2018-01-29 06:11:00	2018-01-30 06:11:00
7	sea	187	2018-01-30 06:11:00	2018-01-31 06:11:00
8	urban	82	2018-01-31 06:11:00	2018-02-01 06:11:00
9	waters-edge	69	2018-02-01 06:11:00	2018-02-02 06:11:00
\.


--
-- Name: habitats_id_seq; Type: SEQUENCE SET; Schema: public; Owner: darkend
--

SELECT pg_catalog.setval('habitats_id_seq', 1, false);


--
-- Data for Name: my_pokemons; Type: TABLE DATA; Schema: public; Owner: darkend
--

COPY my_pokemons (id, species_id, nickname, level, exp, growth_rate, created_at, updated_at, ready_for_evolution) FROM stdin;
14	3	b	100	0	medium-slow	2018-02-04 08:29:21.123162	2018-02-04 09:13:07.052121	f
15	9	blue	100	0	medium-slow	2018-02-04 08:38:43.048563	2018-02-04 09:38:37.887876	f
16	12	bug	100	0	medium	2018-02-04 08:43:12.203896	2018-02-04 09:38:37.927957	f
17	15	ww	100	0	medium	2018-02-04 08:57:34.105435	2018-02-04 09:38:38.017935	f
11	26	pikapi	100	0	medium	2018-02-04 07:04:29.805099	2018-02-04 07:58:49.075351	f
12	3	b	100	0	medium-slow	2018-02-04 07:06:04.926885	2018-02-04 07:58:49.092007	f
18	26	pika	100	0	medium	2018-02-04 22:23:37.636059	2018-02-05 05:19:15.901103	f
19	2	bbb	100	0	medium-slow	2018-02-04 22:37:02.546205	2018-02-05 05:19:16.170195	t
13	6	ch	100	0	medium-slow	2018-02-04 08:10:44.516395	2018-02-04 08:57:16.754864	f
\.


--
-- Name: my_pokemons_id_seq; Type: SEQUENCE SET; Schema: public; Owner: darkend
--

SELECT pg_catalog.setval('my_pokemons_id_seq', 19, true);


--
-- Data for Name: schema_migrations; Type: TABLE DATA; Schema: public; Owner: darkend
--

COPY schema_migrations (version) FROM stdin;
20180203011626
20180203022929
20180203025441
20180203030437
20180203074130
20180203130531
\.


--
-- Data for Name: species; Type: TABLE DATA; Schema: public; Owner: darkend
--

COPY species (id, identifier, evolves_from_species_id, evolution_chain_id, evolution_min_level, height, weight, color, shape, species_habitats_relationship_id, capture_rate, growth_rate, img_url, created_at, updated_at) FROM stdin;
1	bulbasaur	\N	1	16	7	69	green	quadruped	1	45	medium-slow	https://raw.githubusercontent.com/PokeAPI/sprites/master/sprites/pokemon/1.png	2018-01-24 06:11:00	2018-01-24 06:11:00
2	ivysaur	1	1	32	10	130	green	quadruped	2	45	medium-slow	https://raw.githubusercontent.com/PokeAPI/sprites/master/sprites/pokemon/2.png	2018-01-24 06:11:00	2018-01-24 06:11:00
3	venusaur	2	1	16	20	1000	green	quadruped	3	45	medium-slow	https://raw.githubusercontent.com/PokeAPI/sprites/master/sprites/pokemon/3.png	2018-01-24 06:11:00	2018-01-24 06:11:00
4	charmander	\N	2	36	6	85	red	upright	4	45	medium-slow	https://raw.githubusercontent.com/PokeAPI/sprites/master/sprites/pokemon/4.png	2018-01-24 06:11:00	2018-01-24 06:11:00
5	charmeleon	4	2	16	11	190	red	upright	5	45	medium-slow	https://raw.githubusercontent.com/PokeAPI/sprites/master/sprites/pokemon/5.png	2018-01-24 06:11:00	2018-01-24 06:11:00
6	charizard	5	2	36	17	905	red	upright	6	45	medium-slow	https://raw.githubusercontent.com/PokeAPI/sprites/master/sprites/pokemon/6.png	2018-01-24 06:11:00	2018-01-24 06:11:00
7	squirtle	\N	3	7	5	90	blue	upright	7	45	medium-slow	https://raw.githubusercontent.com/PokeAPI/sprites/master/sprites/pokemon/7.png	2018-01-24 06:11:00	2018-01-24 06:11:00
8	wartortle	7	3	10	10	225	blue	upright	8	45	medium-slow	https://raw.githubusercontent.com/PokeAPI/sprites/master/sprites/pokemon/8.png	2018-01-24 06:11:00	2018-01-24 06:11:00
9	blastoise	8	3	7	16	855	blue	upright	9	45	medium-slow	https://raw.githubusercontent.com/PokeAPI/sprites/master/sprites/pokemon/9.png	2018-01-24 06:11:00	2018-01-24 06:11:00
10	caterpie	\N	4	10	3	29	green	armor	10	255	medium	https://raw.githubusercontent.com/PokeAPI/sprites/master/sprites/pokemon/10.png	2018-01-24 06:11:00	2018-01-24 06:11:00
11	metapod	10	4	18	7	99	green	squiggle	11	120	medium	https://raw.githubusercontent.com/PokeAPI/sprites/master/sprites/pokemon/11.png	2018-01-24 06:11:00	2018-01-24 06:11:00
12	butterfree	11	4	36	11	320	white	bug-wings	12	45	medium	https://raw.githubusercontent.com/PokeAPI/sprites/master/sprites/pokemon/12.png	2018-01-24 06:11:00	2018-01-24 06:11:00
13	weedle	\N	5	20	3	32	brown	armor	13	255	medium	https://raw.githubusercontent.com/PokeAPI/sprites/master/sprites/pokemon/13.png	2018-01-24 06:11:00	2018-01-24 06:11:00
14	kakuna	13	5	20	6	100	yellow	squiggle	14	120	medium	https://raw.githubusercontent.com/PokeAPI/sprites/master/sprites/pokemon/14.png	2018-01-24 06:11:00	2018-01-24 06:11:00
15	beedrill	14	5	22	10	295	yellow	bug-wings	15	45	medium	https://raw.githubusercontent.com/PokeAPI/sprites/master/sprites/pokemon/15.png	2018-01-24 06:11:00	2018-01-24 06:11:00
16	pidgey	\N	6	\N	3	18	brown	wings	16	255	medium-slow	https://raw.githubusercontent.com/PokeAPI/sprites/master/sprites/pokemon/16.png	2018-01-24 06:11:00	2018-01-24 06:11:00
17	pidgeotto	16	6	\N	11	300	brown	wings	17	120	medium-slow	https://raw.githubusercontent.com/PokeAPI/sprites/master/sprites/pokemon/17.png	2018-01-24 06:11:00	2018-01-24 06:11:00
18	pidgeot	17	6	22	15	395	brown	wings	18	45	medium-slow	https://raw.githubusercontent.com/PokeAPI/sprites/master/sprites/pokemon/18.png	2018-01-24 06:11:00	2018-01-24 06:11:00
19	rattata	\N	7	16	3	35	purple	quadruped	19	255	medium	https://raw.githubusercontent.com/PokeAPI/sprites/master/sprites/pokemon/19.png	2018-01-24 06:11:00	2018-01-24 06:11:00
20	raticate	19	7	\N	7	185	brown	quadruped	20	127	medium	https://raw.githubusercontent.com/PokeAPI/sprites/master/sprites/pokemon/20.png	2018-01-24 06:11:00	2018-01-24 06:11:00
21	spearow	\N	8	16	3	20	brown	wings	21	255	medium	https://raw.githubusercontent.com/PokeAPI/sprites/master/sprites/pokemon/21.png	2018-01-24 06:11:00	2018-01-24 06:11:00
22	fearow	21	8	\N	12	380	brown	wings	22	90	medium	https://raw.githubusercontent.com/PokeAPI/sprites/master/sprites/pokemon/22.png	2018-01-24 06:11:00	2018-01-24 06:11:00
23	ekans	\N	9	\N	20	69	purple	squiggle	23	255	medium	https://raw.githubusercontent.com/PokeAPI/sprites/master/sprites/pokemon/23.png	2018-01-24 06:11:00	2018-01-24 06:11:00
24	arbok	23	9	\N	35	650	purple	squiggle	24	90	medium	https://raw.githubusercontent.com/PokeAPI/sprites/master/sprites/pokemon/24.png	2018-01-24 06:11:00	2018-01-24 06:11:00
25	pikachu	172	10	\N	4	60	yellow	quadruped	25	190	medium	https://raw.githubusercontent.com/PokeAPI/sprites/master/sprites/pokemon/25.png	2018-01-24 06:11:00	2018-01-24 06:11:00
26	raichu	25	10	\N	8	300	yellow	upright	26	75	medium	https://raw.githubusercontent.com/PokeAPI/sprites/master/sprites/pokemon/26.png	2018-01-24 06:11:00	2018-01-24 06:11:00
27	sandshrew	\N	11	\N	6	120	yellow	upright	27	255	medium	https://raw.githubusercontent.com/PokeAPI/sprites/master/sprites/pokemon/27.png	2018-01-24 06:11:00	2018-01-24 06:11:00
28	sandslash	27	11	22	10	295	yellow	upright	28	90	medium	https://raw.githubusercontent.com/PokeAPI/sprites/master/sprites/pokemon/28.png	2018-01-24 06:11:00	2018-01-24 06:11:00
29	nidoran-f	\N	12	21	4	70	blue	quadruped	29	235	medium-slow	https://raw.githubusercontent.com/PokeAPI/sprites/master/sprites/pokemon/29.png	2018-01-24 06:11:00	2018-01-24 06:11:00
30	nidorina	29	12	\N	8	200	blue	quadruped	30	120	medium-slow	https://raw.githubusercontent.com/PokeAPI/sprites/master/sprites/pokemon/30.png	2018-01-24 06:11:00	2018-01-24 06:11:00
31	nidoqueen	30	12	24	13	600	blue	upright	31	45	medium-slow	https://raw.githubusercontent.com/PokeAPI/sprites/master/sprites/pokemon/31.png	2018-01-24 06:11:00	2018-01-24 06:11:00
32	nidoran-m	\N	13	31	5	90	purple	quadruped	32	235	medium-slow	https://raw.githubusercontent.com/PokeAPI/sprites/master/sprites/pokemon/32.png	2018-01-24 06:11:00	2018-01-24 06:11:00
33	nidorino	32	13	26	9	195	purple	quadruped	33	120	medium-slow	https://raw.githubusercontent.com/PokeAPI/sprites/master/sprites/pokemon/33.png	2018-01-24 06:11:00	2018-01-24 06:11:00
34	nidoking	33	13	28	14	620	purple	upright	34	45	medium-slow	https://raw.githubusercontent.com/PokeAPI/sprites/master/sprites/pokemon/34.png	2018-01-24 06:11:00	2018-01-24 06:11:00
35	clefairy	173	14	33	6	75	pink	upright	35	150	fast	https://raw.githubusercontent.com/PokeAPI/sprites/master/sprites/pokemon/35.png	2018-01-24 06:11:00	2018-01-24 06:11:00
36	clefable	35	14	28	13	400	pink	upright	36	25	fast	https://raw.githubusercontent.com/PokeAPI/sprites/master/sprites/pokemon/36.png	2018-01-24 06:11:00	2018-01-24 06:11:00
37	vulpix	\N	15	\N	6	99	brown	quadruped	37	190	medium	https://raw.githubusercontent.com/PokeAPI/sprites/master/sprites/pokemon/37.png	2018-01-24 06:11:00	2018-01-24 06:11:00
38	ninetales	37	15	25	11	199	yellow	quadruped	38	75	medium	https://raw.githubusercontent.com/PokeAPI/sprites/master/sprites/pokemon/38.png	2018-01-24 06:11:00	2018-01-24 06:11:00
39	jigglypuff	174	16	\N	5	55	pink	humanoid	39	170	fast	https://raw.githubusercontent.com/PokeAPI/sprites/master/sprites/pokemon/39.png	2018-01-24 06:11:00	2018-01-24 06:11:00
40	wigglytuff	39	16	16	10	120	pink	humanoid	40	50	fast	https://raw.githubusercontent.com/PokeAPI/sprites/master/sprites/pokemon/40.png	2018-01-24 06:11:00	2018-01-24 06:11:00
41	zubat	\N	17	\N	8	75	purple	wings	41	255	medium	https://raw.githubusercontent.com/PokeAPI/sprites/master/sprites/pokemon/41.png	2018-01-24 06:11:00	2018-01-24 06:11:00
42	golbat	41	17	28	16	550	purple	wings	42	90	medium	https://raw.githubusercontent.com/PokeAPI/sprites/master/sprites/pokemon/42.png	2018-01-24 06:11:00	2018-01-24 06:11:00
43	oddish	\N	18	\N	5	54	blue	legs	43	255	medium-slow	https://raw.githubusercontent.com/PokeAPI/sprites/master/sprites/pokemon/43.png	2018-01-24 06:11:00	2018-01-24 06:11:00
44	gloom	43	18	21	8	86	blue	humanoid	44	120	medium-slow	https://raw.githubusercontent.com/PokeAPI/sprites/master/sprites/pokemon/44.png	2018-01-24 06:11:00	2018-01-24 06:11:00
45	vileplume	44	18	\N	12	186	red	humanoid	45	45	medium-slow	https://raw.githubusercontent.com/PokeAPI/sprites/master/sprites/pokemon/45.png	2018-01-24 06:11:00	2018-01-24 06:11:00
46	paras	\N	19	30	3	54	red	armor	46	190	medium	https://raw.githubusercontent.com/PokeAPI/sprites/master/sprites/pokemon/46.png	2018-01-24 06:11:00	2018-01-24 06:11:00
47	parasect	46	19	25	10	295	red	armor	47	75	medium	https://raw.githubusercontent.com/PokeAPI/sprites/master/sprites/pokemon/47.png	2018-01-24 06:11:00	2018-01-24 06:11:00
48	venonat	\N	20	\N	10	300	purple	humanoid	48	190	medium	https://raw.githubusercontent.com/PokeAPI/sprites/master/sprites/pokemon/48.png	2018-01-24 06:11:00	2018-01-24 06:11:00
49	venomoth	48	20	40	15	125	purple	bug-wings	49	75	medium	https://raw.githubusercontent.com/PokeAPI/sprites/master/sprites/pokemon/49.png	2018-01-24 06:11:00	2018-01-24 06:11:00
50	diglett	\N	21	37	2	8	brown	blob	50	255	medium	https://raw.githubusercontent.com/PokeAPI/sprites/master/sprites/pokemon/50.png	2018-01-24 06:11:00	2018-01-24 06:11:00
51	dugtrio	50	21	30	7	333	brown	heads	51	50	medium	https://raw.githubusercontent.com/PokeAPI/sprites/master/sprites/pokemon/51.png	2018-01-24 06:11:00	2018-01-24 06:11:00
52	meowth	\N	22	31	4	42	yellow	quadruped	52	255	medium	https://raw.githubusercontent.com/PokeAPI/sprites/master/sprites/pokemon/52.png	2018-01-24 06:11:00	2018-01-24 06:11:00
53	persian	52	22	34	10	320	yellow	quadruped	53	90	medium	https://raw.githubusercontent.com/PokeAPI/sprites/master/sprites/pokemon/53.png	2018-01-24 06:11:00	2018-01-24 06:11:00
54	psyduck	\N	23	38	8	196	yellow	upright	54	190	medium	https://raw.githubusercontent.com/PokeAPI/sprites/master/sprites/pokemon/54.png	2018-01-24 06:11:00	2018-01-24 06:11:00
55	golduck	54	23	\N	17	766	blue	upright	55	75	medium	https://raw.githubusercontent.com/PokeAPI/sprites/master/sprites/pokemon/55.png	2018-01-24 06:11:00	2018-01-24 06:11:00
56	mankey	\N	24	25	5	280	brown	upright	56	190	medium	https://raw.githubusercontent.com/PokeAPI/sprites/master/sprites/pokemon/56.png	2018-01-24 06:11:00	2018-01-24 06:11:00
57	primeape	56	24	\N	10	320	brown	upright	57	75	medium	https://raw.githubusercontent.com/PokeAPI/sprites/master/sprites/pokemon/57.png	2018-01-24 06:11:00	2018-01-24 06:11:00
58	growlithe	\N	25	26	7	190	brown	quadruped	58	190	slow	https://raw.githubusercontent.com/PokeAPI/sprites/master/sprites/pokemon/58.png	2018-01-24 06:11:00	2018-01-24 06:11:00
59	arcanine	58	25	28	19	1550	brown	quadruped	59	75	slow	https://raw.githubusercontent.com/PokeAPI/sprites/master/sprites/pokemon/59.png	2018-01-24 06:11:00	2018-01-24 06:11:00
60	poliwag	\N	26	30	6	124	blue	legs	60	255	medium-slow	https://raw.githubusercontent.com/PokeAPI/sprites/master/sprites/pokemon/60.png	2018-01-24 06:11:00	2018-01-24 06:11:00
61	poliwhirl	60	26	\N	10	200	blue	humanoid	61	120	medium-slow	https://raw.githubusercontent.com/PokeAPI/sprites/master/sprites/pokemon/61.png	2018-01-24 06:11:00	2018-01-24 06:11:00
62	poliwrath	61	26	28	13	540	blue	humanoid	62	45	medium-slow	https://raw.githubusercontent.com/PokeAPI/sprites/master/sprites/pokemon/62.png	2018-01-24 06:11:00	2018-01-24 06:11:00
63	abra	\N	27	20	9	195	brown	upright	63	200	medium-slow	https://raw.githubusercontent.com/PokeAPI/sprites/master/sprites/pokemon/63.png	2018-01-24 06:11:00	2018-01-24 06:11:00
64	kadabra	63	27	20	13	565	brown	upright	64	100	medium-slow	https://raw.githubusercontent.com/PokeAPI/sprites/master/sprites/pokemon/64.png	2018-01-24 06:11:00	2018-01-24 06:11:00
65	alakazam	64	27	35	15	480	brown	humanoid	65	50	medium-slow	https://raw.githubusercontent.com/PokeAPI/sprites/master/sprites/pokemon/65.png	2018-01-24 06:11:00	2018-01-24 06:11:00
66	machop	\N	28	42	8	195	gray	upright	66	180	medium-slow	https://raw.githubusercontent.com/PokeAPI/sprites/master/sprites/pokemon/66.png	2018-01-24 06:11:00	2018-01-24 06:11:00
67	machoke	66	28	\N	15	705	gray	humanoid	67	90	medium-slow	https://raw.githubusercontent.com/PokeAPI/sprites/master/sprites/pokemon/67.png	2018-01-24 06:11:00	2018-01-24 06:11:00
68	machamp	67	28	32	16	1300	gray	humanoid	68	45	medium-slow	https://raw.githubusercontent.com/PokeAPI/sprites/master/sprites/pokemon/68.png	2018-01-24 06:11:00	2018-01-24 06:11:00
69	bellsprout	\N	29	33	7	40	green	humanoid	69	255	medium-slow	https://raw.githubusercontent.com/PokeAPI/sprites/master/sprites/pokemon/69.png	2018-01-24 06:11:00	2018-01-24 06:11:00
70	weepinbell	69	29	\N	10	64	green	blob	70	120	medium-slow	https://raw.githubusercontent.com/PokeAPI/sprites/master/sprites/pokemon/70.png	2018-01-24 06:11:00	2018-01-24 06:11:00
71	victreebel	70	29	\N	17	155	green	blob	71	45	medium-slow	https://raw.githubusercontent.com/PokeAPI/sprites/master/sprites/pokemon/71.png	2018-01-24 06:11:00	2018-01-24 06:11:00
72	tentacool	\N	30	30	9	455	blue	tentacles	72	190	slow	https://raw.githubusercontent.com/PokeAPI/sprites/master/sprites/pokemon/72.png	2018-01-24 06:11:00	2018-01-24 06:11:00
73	tentacruel	72	30	30	16	550	blue	tentacles	73	60	slow	https://raw.githubusercontent.com/PokeAPI/sprites/master/sprites/pokemon/73.png	2018-01-24 06:11:00	2018-01-24 06:11:00
74	geodude	\N	31	30	4	200	brown	arms	74	255	medium-slow	https://raw.githubusercontent.com/PokeAPI/sprites/master/sprites/pokemon/74.png	2018-01-24 06:11:00	2018-01-24 06:11:00
75	graveler	74	31	20	10	1050	brown	humanoid	75	120	medium-slow	https://raw.githubusercontent.com/PokeAPI/sprites/master/sprites/pokemon/75.png	2018-01-24 06:11:00	2018-01-24 06:11:00
76	golem	75	31	\N	14	3000	brown	humanoid	76	45	medium-slow	https://raw.githubusercontent.com/PokeAPI/sprites/master/sprites/pokemon/76.png	2018-01-24 06:11:00	2018-01-24 06:11:00
77	ponyta	\N	32	\N	10	300	yellow	quadruped	77	190	medium	https://raw.githubusercontent.com/PokeAPI/sprites/master/sprites/pokemon/77.png	2018-01-24 06:11:00	2018-01-24 06:11:00
78	rapidash	77	32	\N	17	950	yellow	quadruped	78	60	medium	https://raw.githubusercontent.com/PokeAPI/sprites/master/sprites/pokemon/78.png	2018-01-24 06:11:00	2018-01-24 06:11:00
79	slowpoke	\N	33	40	12	360	pink	quadruped	79	190	medium	https://raw.githubusercontent.com/PokeAPI/sprites/master/sprites/pokemon/79.png	2018-01-24 06:11:00	2018-01-24 06:11:00
80	slowbro	79	33	40	16	785	pink	upright	80	75	medium	https://raw.githubusercontent.com/PokeAPI/sprites/master/sprites/pokemon/80.png	2018-01-24 06:11:00	2018-01-24 06:11:00
81	magnemite	\N	34	\N	3	60	gray	arms	81	190	medium	https://raw.githubusercontent.com/PokeAPI/sprites/master/sprites/pokemon/81.png	2018-01-24 06:11:00	2018-01-24 06:11:00
82	magneton	81	34	30	10	600	gray	heads	82	60	medium	https://raw.githubusercontent.com/PokeAPI/sprites/master/sprites/pokemon/82.png	2018-01-24 06:11:00	2018-01-24 06:11:00
83	farfetchd	\N	35	55	8	150	brown	wings	83	45	medium	https://raw.githubusercontent.com/PokeAPI/sprites/master/sprites/pokemon/83.png	2018-01-24 06:11:00	2018-01-24 06:11:00
84	doduo	\N	36	16	14	392	brown	legs	84	190	medium	https://raw.githubusercontent.com/PokeAPI/sprites/master/sprites/pokemon/84.png	2018-01-24 06:11:00	2018-01-24 06:11:00
85	dodrio	84	36	32	18	852	brown	legs	85	45	medium	https://raw.githubusercontent.com/PokeAPI/sprites/master/sprites/pokemon/85.png	2018-01-24 06:11:00	2018-01-24 06:11:00
86	seel	\N	37	14	11	900	white	fish	86	190	medium	https://raw.githubusercontent.com/PokeAPI/sprites/master/sprites/pokemon/86.png	2018-01-24 06:11:00	2018-01-24 06:11:00
87	dewgong	86	37	36	17	1200	white	fish	87	75	medium	https://raw.githubusercontent.com/PokeAPI/sprites/master/sprites/pokemon/87.png	2018-01-24 06:11:00	2018-01-24 06:11:00
88	grimer	\N	38	18	9	300	purple	arms	88	190	medium	https://raw.githubusercontent.com/PokeAPI/sprites/master/sprites/pokemon/88.png	2018-01-24 06:11:00	2018-01-24 06:11:00
89	muk	88	38	30	12	300	purple	arms	89	75	medium	https://raw.githubusercontent.com/PokeAPI/sprites/master/sprites/pokemon/89.png	2018-01-24 06:11:00	2018-01-24 06:11:00
90	shellder	\N	39	15	3	40	purple	ball	90	190	slow	https://raw.githubusercontent.com/PokeAPI/sprites/master/sprites/pokemon/90.png	2018-01-24 06:11:00	2018-01-24 06:11:00
91	cloyster	90	39	20	15	1325	purple	ball	91	60	slow	https://raw.githubusercontent.com/PokeAPI/sprites/master/sprites/pokemon/91.png	2018-01-24 06:11:00	2018-01-24 06:11:00
92	gastly	\N	40	18	13	1	purple	ball	92	190	medium-slow	https://raw.githubusercontent.com/PokeAPI/sprites/master/sprites/pokemon/92.png	2018-01-24 06:11:00	2018-01-24 06:11:00
93	haunter	92	40	22	16	1	purple	arms	93	90	medium-slow	https://raw.githubusercontent.com/PokeAPI/sprites/master/sprites/pokemon/93.png	2018-01-24 06:11:00	2018-01-24 06:11:00
94	gengar	93	40	\N	15	405	purple	upright	94	45	medium-slow	https://raw.githubusercontent.com/PokeAPI/sprites/master/sprites/pokemon/94.png	2018-01-24 06:11:00	2018-01-24 06:11:00
95	onix	\N	41	27	88	2100	gray	squiggle	95	45	medium	https://raw.githubusercontent.com/PokeAPI/sprites/master/sprites/pokemon/95.png	2018-01-24 06:11:00	2018-01-24 06:11:00
96	drowzee	\N	42	\N	10	324	yellow	humanoid	96	190	medium	https://raw.githubusercontent.com/PokeAPI/sprites/master/sprites/pokemon/96.png	2018-01-24 06:11:00	2018-01-24 06:11:00
97	hypno	96	42	25	16	756	yellow	humanoid	97	75	medium	https://raw.githubusercontent.com/PokeAPI/sprites/master/sprites/pokemon/97.png	2018-01-24 06:11:00	2018-01-24 06:11:00
98	krabby	\N	43	15	4	65	red	armor	98	225	medium	https://raw.githubusercontent.com/PokeAPI/sprites/master/sprites/pokemon/98.png	2018-01-24 06:11:00	2018-01-24 06:11:00
99	kingler	98	43	30	13	600	red	armor	99	60	medium	https://raw.githubusercontent.com/PokeAPI/sprites/master/sprites/pokemon/99.png	2018-01-24 06:11:00	2018-01-24 06:11:00
100	voltorb	\N	44	\N	5	104	red	ball	100	190	medium	https://raw.githubusercontent.com/PokeAPI/sprites/master/sprites/pokemon/100.png	2018-01-24 06:11:00	2018-01-24 06:11:00
101	electrode	100	44	\N	12	666	red	ball	101	60	medium	https://raw.githubusercontent.com/PokeAPI/sprites/master/sprites/pokemon/101.png	2018-01-24 06:11:00	2018-01-24 06:11:00
102	exeggcute	\N	45	18	4	25	pink	heads	102	90	slow	https://raw.githubusercontent.com/PokeAPI/sprites/master/sprites/pokemon/102.png	2018-01-24 06:11:00	2018-01-24 06:11:00
103	exeggutor	102	45	\N	20	1200	yellow	legs	103	45	slow	https://raw.githubusercontent.com/PokeAPI/sprites/master/sprites/pokemon/103.png	2018-01-24 06:11:00	2018-01-24 06:11:00
104	cubone	\N	46	\N	4	65	brown	upright	104	190	medium	https://raw.githubusercontent.com/PokeAPI/sprites/master/sprites/pokemon/104.png	2018-01-24 06:11:00	2018-01-24 06:11:00
105	marowak	104	46	18	10	450	brown	upright	105	75	medium	https://raw.githubusercontent.com/PokeAPI/sprites/master/sprites/pokemon/105.png	2018-01-24 06:11:00	2018-01-24 06:11:00
106	hitmonlee	236	47	27	15	498	brown	humanoid	106	45	medium	https://raw.githubusercontent.com/PokeAPI/sprites/master/sprites/pokemon/106.png	2018-01-24 06:11:00	2018-01-24 06:11:00
107	hitmonchan	236	47	\N	14	502	brown	humanoid	107	45	medium	https://raw.githubusercontent.com/PokeAPI/sprites/master/sprites/pokemon/107.png	2018-01-24 06:11:00	2018-01-24 06:11:00
108	lickitung	\N	48	20	12	655	pink	upright	108	45	medium	https://raw.githubusercontent.com/PokeAPI/sprites/master/sprites/pokemon/108.png	2018-01-24 06:11:00	2018-01-24 06:11:00
109	koffing	\N	49	\N	6	10	purple	ball	109	190	medium	https://raw.githubusercontent.com/PokeAPI/sprites/master/sprites/pokemon/109.png	2018-01-24 06:11:00	2018-01-24 06:11:00
110	weezing	109	49	\N	12	95	purple	heads	110	60	medium	https://raw.githubusercontent.com/PokeAPI/sprites/master/sprites/pokemon/110.png	2018-01-24 06:11:00	2018-01-24 06:11:00
111	rhyhorn	\N	50	\N	10	1150	gray	quadruped	111	120	slow	https://raw.githubusercontent.com/PokeAPI/sprites/master/sprites/pokemon/111.png	2018-01-24 06:11:00	2018-01-24 06:11:00
112	rhydon	111	50	15	19	1200	gray	upright	112	60	slow	https://raw.githubusercontent.com/PokeAPI/sprites/master/sprites/pokemon/112.png	2018-01-24 06:11:00	2018-01-24 06:11:00
113	chansey	440	51	31	11	346	pink	upright	113	30	fast	https://raw.githubusercontent.com/PokeAPI/sprites/master/sprites/pokemon/113.png	2018-01-24 06:11:00	2018-01-24 06:11:00
114	tangela	\N	52	\N	10	350	blue	legs	114	45	medium	https://raw.githubusercontent.com/PokeAPI/sprites/master/sprites/pokemon/114.png	2018-01-24 06:11:00	2018-01-24 06:11:00
115	kangaskhan	\N	53	23	22	800	brown	upright	115	45	medium	https://raw.githubusercontent.com/PokeAPI/sprites/master/sprites/pokemon/115.png	2018-01-24 06:11:00	2018-01-24 06:11:00
116	horsea	\N	54	\N	4	80	blue	blob	116	225	medium	https://raw.githubusercontent.com/PokeAPI/sprites/master/sprites/pokemon/116.png	2018-01-24 06:11:00	2018-01-24 06:11:00
117	seadra	116	54	30	12	250	blue	blob	117	75	medium	https://raw.githubusercontent.com/PokeAPI/sprites/master/sprites/pokemon/117.png	2018-01-24 06:11:00	2018-01-24 06:11:00
118	goldeen	\N	55	38	6	150	red	fish	118	225	medium	https://raw.githubusercontent.com/PokeAPI/sprites/master/sprites/pokemon/118.png	2018-01-24 06:11:00	2018-01-24 06:11:00
119	seaking	118	55	33	13	390	red	fish	119	60	medium	https://raw.githubusercontent.com/PokeAPI/sprites/master/sprites/pokemon/119.png	2018-01-24 06:11:00	2018-01-24 06:11:00
120	staryu	\N	56	25	8	345	brown	blob	120	225	slow	https://raw.githubusercontent.com/PokeAPI/sprites/master/sprites/pokemon/120.png	2018-01-24 06:11:00	2018-01-24 06:11:00
121	starmie	120	56	\N	11	800	purple	blob	121	60	slow	https://raw.githubusercontent.com/PokeAPI/sprites/master/sprites/pokemon/121.png	2018-01-24 06:11:00	2018-01-24 06:11:00
122	mr-mime	439	57	24	13	545	pink	humanoid	122	45	medium	https://raw.githubusercontent.com/PokeAPI/sprites/master/sprites/pokemon/122.png	2018-01-24 06:11:00	2018-01-24 06:11:00
123	scyther	\N	58	\N	15	560	green	bug-wings	123	45	medium	https://raw.githubusercontent.com/PokeAPI/sprites/master/sprites/pokemon/123.png	2018-01-24 06:11:00	2018-01-24 06:11:00
124	jynx	238	59	25	14	406	red	humanoid	124	45	medium	https://raw.githubusercontent.com/PokeAPI/sprites/master/sprites/pokemon/124.png	2018-01-24 06:11:00	2018-01-24 06:11:00
125	electabuzz	239	60	\N	11	300	yellow	upright	125	45	medium	https://raw.githubusercontent.com/PokeAPI/sprites/master/sprites/pokemon/125.png	2018-01-24 06:11:00	2018-01-24 06:11:00
126	magmar	240	61	20	13	445	red	upright	126	45	medium	https://raw.githubusercontent.com/PokeAPI/sprites/master/sprites/pokemon/126.png	2018-01-24 06:11:00	2018-01-24 06:11:00
127	pinsir	\N	62	\N	15	550	brown	humanoid	127	45	slow	https://raw.githubusercontent.com/PokeAPI/sprites/master/sprites/pokemon/127.png	2018-01-24 06:11:00	2018-01-24 06:11:00
128	tauros	\N	63	30	14	884	brown	quadruped	128	45	slow	https://raw.githubusercontent.com/PokeAPI/sprites/master/sprites/pokemon/128.png	2018-01-24 06:11:00	2018-01-24 06:11:00
129	magikarp	\N	64	55	9	100	red	fish	129	255	slow	https://raw.githubusercontent.com/PokeAPI/sprites/master/sprites/pokemon/129.png	2018-01-24 06:11:00	2018-01-24 06:11:00
130	gyarados	129	64	16	65	2350	blue	squiggle	130	45	slow	https://raw.githubusercontent.com/PokeAPI/sprites/master/sprites/pokemon/130.png	2018-01-24 06:11:00	2018-01-24 06:11:00
131	lapras	\N	65	36	25	2200	blue	fish	131	45	slow	https://raw.githubusercontent.com/PokeAPI/sprites/master/sprites/pokemon/131.png	2018-01-24 06:11:00	2018-01-24 06:11:00
132	ditto	\N	66	16	3	40	purple	ball	132	35	medium	https://raw.githubusercontent.com/PokeAPI/sprites/master/sprites/pokemon/132.png	2018-01-24 06:11:00	2018-01-24 06:11:00
133	eevee	\N	67	36	3	65	brown	quadruped	133	45	medium	https://raw.githubusercontent.com/PokeAPI/sprites/master/sprites/pokemon/133.png	2018-01-24 06:11:00	2018-01-24 06:11:00
134	vaporeon	133	67	16	10	290	blue	quadruped	134	45	medium	https://raw.githubusercontent.com/PokeAPI/sprites/master/sprites/pokemon/134.png	2018-01-24 06:11:00	2018-01-24 06:11:00
135	jolteon	133	67	36	8	245	yellow	quadruped	135	45	medium	https://raw.githubusercontent.com/PokeAPI/sprites/master/sprites/pokemon/135.png	2018-01-24 06:11:00	2018-01-24 06:11:00
136	flareon	133	67	18	9	250	red	quadruped	136	45	medium	https://raw.githubusercontent.com/PokeAPI/sprites/master/sprites/pokemon/136.png	2018-01-24 06:11:00	2018-01-24 06:11:00
137	porygon	\N	68	20	8	365	pink	legs	137	45	medium	https://raw.githubusercontent.com/PokeAPI/sprites/master/sprites/pokemon/137.png	2018-01-24 06:11:00	2018-01-24 06:11:00
138	omanyte	\N	69	7	4	75	blue	tentacles	138	45	medium	https://raw.githubusercontent.com/PokeAPI/sprites/master/sprites/pokemon/138.png	2018-01-24 06:11:00	2018-01-24 06:11:00
139	omastar	138	69	10	10	350	blue	tentacles	139	45	medium	https://raw.githubusercontent.com/PokeAPI/sprites/master/sprites/pokemon/139.png	2018-01-24 06:11:00	2018-01-24 06:11:00
140	kabuto	\N	70	7	5	115	brown	armor	140	45	medium	https://raw.githubusercontent.com/PokeAPI/sprites/master/sprites/pokemon/140.png	2018-01-24 06:11:00	2018-01-24 06:11:00
141	kabutops	140	70	10	13	405	brown	upright	141	45	medium	https://raw.githubusercontent.com/PokeAPI/sprites/master/sprites/pokemon/141.png	2018-01-24 06:11:00	2018-01-24 06:11:00
142	aerodactyl	\N	71	14	18	590	purple	wings	142	45	slow	https://raw.githubusercontent.com/PokeAPI/sprites/master/sprites/pokemon/142.png	2018-01-24 06:11:00	2018-01-24 06:11:00
143	snorlax	446	72	\N	21	4600	black	humanoid	143	25	slow	https://raw.githubusercontent.com/PokeAPI/sprites/master/sprites/pokemon/143.png	2018-01-24 06:11:00	2018-01-24 06:11:00
144	articuno	\N	73	14	17	554	blue	wings	144	3	slow	https://raw.githubusercontent.com/PokeAPI/sprites/master/sprites/pokemon/144.png	2018-01-24 06:11:00	2018-01-24 06:11:00
145	zapdos	\N	74	\N	16	526	yellow	wings	145	3	slow	https://raw.githubusercontent.com/PokeAPI/sprites/master/sprites/pokemon/145.png	2018-01-24 06:11:00	2018-01-24 06:11:00
146	moltres	\N	75	22	20	600	yellow	wings	146	3	slow	https://raw.githubusercontent.com/PokeAPI/sprites/master/sprites/pokemon/146.png	2018-01-24 06:11:00	2018-01-24 06:11:00
147	dratini	\N	76	25	18	33	blue	squiggle	147	45	slow	https://raw.githubusercontent.com/PokeAPI/sprites/master/sprites/pokemon/147.png	2018-01-24 06:11:00	2018-01-24 06:11:00
148	dragonair	147	76	20	40	165	blue	squiggle	148	45	slow	https://raw.githubusercontent.com/PokeAPI/sprites/master/sprites/pokemon/148.png	2018-01-24 06:11:00	2018-01-24 06:11:00
149	dragonite	148	76	30	22	2100	brown	upright	149	45	slow	https://raw.githubusercontent.com/PokeAPI/sprites/master/sprites/pokemon/149.png	2018-01-24 06:11:00	2018-01-24 06:11:00
150	mewtwo	\N	77	22	20	1220	purple	upright	150	3	slow	https://raw.githubusercontent.com/PokeAPI/sprites/master/sprites/pokemon/150.png	2018-01-24 06:11:00	2018-01-24 06:11:00
151	mew	\N	78	23	4	40	pink	upright	151	45	medium-slow	https://raw.githubusercontent.com/PokeAPI/sprites/master/sprites/pokemon/151.png	2018-01-24 06:11:00	2018-01-24 06:11:00
152	chikorita	\N	79	18	9	64	green	quadruped	152	45	medium-slow	https://raw.githubusercontent.com/PokeAPI/sprites/master/sprites/pokemon/152.png	2018-01-24 06:11:00	2018-01-24 06:11:00
153	bayleef	152	79	36	12	158	green	quadruped	153	45	medium-slow	https://raw.githubusercontent.com/PokeAPI/sprites/master/sprites/pokemon/153.png	2018-01-24 06:11:00	2018-01-24 06:11:00
154	meganium	153	79	20	18	1005	green	quadruped	154	45	medium-slow	https://raw.githubusercontent.com/PokeAPI/sprites/master/sprites/pokemon/154.png	2018-01-24 06:11:00	2018-01-24 06:11:00
155	cyndaquil	\N	80	\N	5	79	yellow	humanoid	155	45	medium-slow	https://raw.githubusercontent.com/PokeAPI/sprites/master/sprites/pokemon/155.png	2018-01-24 06:11:00	2018-01-24 06:11:00
156	quilava	155	80	20	9	190	yellow	quadruped	156	45	medium-slow	https://raw.githubusercontent.com/PokeAPI/sprites/master/sprites/pokemon/156.png	2018-01-24 06:11:00	2018-01-24 06:11:00
157	typhlosion	156	80	40	17	795	yellow	quadruped	157	45	medium-slow	https://raw.githubusercontent.com/PokeAPI/sprites/master/sprites/pokemon/157.png	2018-01-24 06:11:00	2018-01-24 06:11:00
158	totodile	\N	81	24	6	95	blue	upright	158	45	medium-slow	https://raw.githubusercontent.com/PokeAPI/sprites/master/sprites/pokemon/158.png	2018-01-24 06:11:00	2018-01-24 06:11:00
159	croconaw	158	81	\N	11	250	blue	upright	159	45	medium-slow	https://raw.githubusercontent.com/PokeAPI/sprites/master/sprites/pokemon/159.png	2018-01-24 06:11:00	2018-01-24 06:11:00
160	feraligatr	159	81	32	23	888	blue	upright	160	45	medium-slow	https://raw.githubusercontent.com/PokeAPI/sprites/master/sprites/pokemon/160.png	2018-01-24 06:11:00	2018-01-24 06:11:00
161	sentret	\N	82	42	8	60	brown	quadruped	161	255	medium	https://raw.githubusercontent.com/PokeAPI/sprites/master/sprites/pokemon/161.png	2018-01-24 06:11:00	2018-01-24 06:11:00
162	furret	161	82	37	18	325	brown	quadruped	162	90	medium	https://raw.githubusercontent.com/PokeAPI/sprites/master/sprites/pokemon/162.png	2018-01-24 06:11:00	2018-01-24 06:11:00
163	hoothoot	\N	83	26	7	212	brown	wings	163	255	medium	https://raw.githubusercontent.com/PokeAPI/sprites/master/sprites/pokemon/163.png	2018-01-24 06:11:00	2018-01-24 06:11:00
164	noctowl	163	83	\N	16	408	brown	wings	164	90	medium	https://raw.githubusercontent.com/PokeAPI/sprites/master/sprites/pokemon/164.png	2018-01-24 06:11:00	2018-01-24 06:11:00
165	ledyba	\N	84	26	10	108	red	wings	165	255	fast	https://raw.githubusercontent.com/PokeAPI/sprites/master/sprites/pokemon/165.png	2018-01-24 06:11:00	2018-01-24 06:11:00
166	ledian	165	84	30	14	356	red	wings	166	90	fast	https://raw.githubusercontent.com/PokeAPI/sprites/master/sprites/pokemon/166.png	2018-01-24 06:11:00	2018-01-24 06:11:00
167	spinarak	\N	85	40	5	85	green	armor	167	255	fast	https://raw.githubusercontent.com/PokeAPI/sprites/master/sprites/pokemon/167.png	2018-01-24 06:11:00	2018-01-24 06:11:00
168	ariados	167	85	33	11	335	red	armor	168	90	fast	https://raw.githubusercontent.com/PokeAPI/sprites/master/sprites/pokemon/168.png	2018-01-24 06:11:00	2018-01-24 06:11:00
169	crobat	42	17	32	18	750	purple	bug-wings	169	90	medium	https://raw.githubusercontent.com/PokeAPI/sprites/master/sprites/pokemon/169.png	2018-01-24 06:11:00	2018-01-24 06:11:00
170	chinchou	\N	86	35	5	120	blue	fish	170	190	slow	https://raw.githubusercontent.com/PokeAPI/sprites/master/sprites/pokemon/170.png	2018-01-24 06:11:00	2018-01-24 06:11:00
171	lanturn	170	86	45	12	225	blue	fish	171	75	slow	https://raw.githubusercontent.com/PokeAPI/sprites/master/sprites/pokemon/171.png	2018-01-24 06:11:00	2018-01-24 06:11:00
172	pichu	\N	10	32	3	20	yellow	quadruped	172	190	medium	https://raw.githubusercontent.com/PokeAPI/sprites/master/sprites/pokemon/172.png	2018-01-24 06:11:00	2018-01-24 06:11:00
173	cleffa	\N	14	35	3	30	pink	upright	173	150	fast	https://raw.githubusercontent.com/PokeAPI/sprites/master/sprites/pokemon/173.png	2018-01-24 06:11:00	2018-01-24 06:11:00
174	igglybuff	\N	16	30	3	10	pink	humanoid	174	170	fast	https://raw.githubusercontent.com/PokeAPI/sprites/master/sprites/pokemon/174.png	2018-01-24 06:11:00	2018-01-24 06:11:00
175	togepi	\N	87	30	3	15	white	humanoid	175	190	fast	https://raw.githubusercontent.com/PokeAPI/sprites/master/sprites/pokemon/175.png	2018-01-24 06:11:00	2018-01-24 06:11:00
176	togetic	175	87	36	6	32	white	humanoid	176	75	fast	https://raw.githubusercontent.com/PokeAPI/sprites/master/sprites/pokemon/176.png	2018-01-24 06:11:00	2018-01-24 06:11:00
177	natu	\N	88	40	2	20	green	wings	177	190	medium	https://raw.githubusercontent.com/PokeAPI/sprites/master/sprites/pokemon/177.png	2018-01-24 06:11:00	2018-01-24 06:11:00
178	xatu	177	88	40	15	150	green	wings	178	75	medium	https://raw.githubusercontent.com/PokeAPI/sprites/master/sprites/pokemon/178.png	2018-01-24 06:11:00	2018-01-24 06:11:00
179	mareep	\N	89	\N	6	78	white	quadruped	179	235	medium-slow	https://raw.githubusercontent.com/PokeAPI/sprites/master/sprites/pokemon/179.png	2018-01-24 06:11:00	2018-01-24 06:11:00
180	flaaffy	179	89	37	8	133	pink	upright	180	120	medium-slow	https://raw.githubusercontent.com/PokeAPI/sprites/master/sprites/pokemon/180.png	2018-01-24 06:11:00	2018-01-24 06:11:00
181	ampharos	180	89	37	14	615	yellow	upright	181	45	medium-slow	https://raw.githubusercontent.com/PokeAPI/sprites/master/sprites/pokemon/181.png	2018-01-24 06:11:00	2018-01-24 06:11:00
182	bellossom	44	18	\N	4	58	green	humanoid	182	45	medium-slow	https://raw.githubusercontent.com/PokeAPI/sprites/master/sprites/pokemon/182.png	2018-01-24 06:11:00	2018-01-24 06:11:00
183	marill	298	90	42	4	85	blue	upright	183	190	fast	https://raw.githubusercontent.com/PokeAPI/sprites/master/sprites/pokemon/183.png	2018-01-24 06:11:00	2018-01-24 06:11:00
184	azumarill	183	90	32	8	285	blue	upright	184	75	fast	https://raw.githubusercontent.com/PokeAPI/sprites/master/sprites/pokemon/184.png	2018-01-24 06:11:00	2018-01-24 06:11:00
185	sudowoodo	438	91	44	12	380	brown	humanoid	185	65	medium	https://raw.githubusercontent.com/PokeAPI/sprites/master/sprites/pokemon/185.png	2018-01-24 06:11:00	2018-01-24 06:11:00
186	politoed	61	26	\N	11	339	green	humanoid	186	45	medium-slow	https://raw.githubusercontent.com/PokeAPI/sprites/master/sprites/pokemon/186.png	2018-01-24 06:11:00	2018-01-24 06:11:00
187	hoppip	\N	92	\N	4	5	pink	upright	187	255	medium-slow	https://raw.githubusercontent.com/PokeAPI/sprites/master/sprites/pokemon/187.png	2018-01-24 06:11:00	2018-01-24 06:11:00
188	skiploom	187	92	30	6	10	green	upright	188	120	medium-slow	https://raw.githubusercontent.com/PokeAPI/sprites/master/sprites/pokemon/188.png	2018-01-24 06:11:00	2018-01-24 06:11:00
189	jumpluff	188	92	50	8	30	blue	upright	189	45	medium-slow	https://raw.githubusercontent.com/PokeAPI/sprites/master/sprites/pokemon/189.png	2018-01-24 06:11:00	2018-01-24 06:11:00
190	aipom	\N	93	20	8	115	purple	upright	190	45	fast	https://raw.githubusercontent.com/PokeAPI/sprites/master/sprites/pokemon/190.png	2018-01-24 06:11:00	2018-01-24 06:11:00
191	sunkern	\N	94	45	3	18	yellow	ball	191	235	medium-slow	https://raw.githubusercontent.com/PokeAPI/sprites/master/sprites/pokemon/191.png	2018-01-24 06:11:00	2018-01-24 06:11:00
192	sunflora	191	94	18	8	85	yellow	humanoid	192	120	medium-slow	https://raw.githubusercontent.com/PokeAPI/sprites/master/sprites/pokemon/192.png	2018-01-24 06:11:00	2018-01-24 06:11:00
193	yanma	\N	95	32	12	380	red	bug-wings	193	75	medium	https://raw.githubusercontent.com/PokeAPI/sprites/master/sprites/pokemon/193.png	2018-01-24 06:11:00	2018-01-24 06:11:00
194	wooper	\N	96	14	4	85	blue	legs	194	255	medium	https://raw.githubusercontent.com/PokeAPI/sprites/master/sprites/pokemon/194.png	2018-01-24 06:11:00	2018-01-24 06:11:00
195	quagsire	194	96	36	14	750	blue	upright	195	90	medium	https://raw.githubusercontent.com/PokeAPI/sprites/master/sprites/pokemon/195.png	2018-01-24 06:11:00	2018-01-24 06:11:00
196	espeon	133	67	16	9	265	purple	quadruped	196	45	medium	https://raw.githubusercontent.com/PokeAPI/sprites/master/sprites/pokemon/196.png	2018-01-24 06:11:00	2018-01-24 06:11:00
197	umbreon	133	67	36	10	270	black	quadruped	197	45	medium	https://raw.githubusercontent.com/PokeAPI/sprites/master/sprites/pokemon/197.png	2018-01-24 06:11:00	2018-01-24 06:11:00
198	murkrow	\N	97	14	5	21	black	wings	198	30	medium-slow	https://raw.githubusercontent.com/PokeAPI/sprites/master/sprites/pokemon/198.png	2018-01-24 06:11:00	2018-01-24 06:11:00
199	slowking	79	33	34	20	795	pink	upright	199	70	medium	https://raw.githubusercontent.com/PokeAPI/sprites/master/sprites/pokemon/199.png	2018-01-24 06:11:00	2018-01-24 06:11:00
200	misdreavus	\N	98	15	7	10	gray	ball	200	45	fast	https://raw.githubusercontent.com/PokeAPI/sprites/master/sprites/pokemon/200.png	2018-01-24 06:11:00	2018-01-24 06:11:00
201	unown	\N	99	10	5	50	black	ball	201	225	medium	https://raw.githubusercontent.com/PokeAPI/sprites/master/sprites/pokemon/201.png	2018-01-24 06:11:00	2018-01-24 06:11:00
202	wobbuffet	360	100	15	13	285	blue	blob	202	45	medium	https://raw.githubusercontent.com/PokeAPI/sprites/master/sprites/pokemon/202.png	2018-01-24 06:11:00	2018-01-24 06:11:00
203	girafarig	\N	101	30	15	415	yellow	quadruped	203	60	medium	https://raw.githubusercontent.com/PokeAPI/sprites/master/sprites/pokemon/203.png	2018-01-24 06:11:00	2018-01-24 06:11:00
204	pineco	\N	102	\N	6	72	gray	ball	204	190	medium	https://raw.githubusercontent.com/PokeAPI/sprites/master/sprites/pokemon/204.png	2018-01-24 06:11:00	2018-01-24 06:11:00
205	forretress	204	102	30	12	1258	purple	ball	205	75	medium	https://raw.githubusercontent.com/PokeAPI/sprites/master/sprites/pokemon/205.png	2018-01-24 06:11:00	2018-01-24 06:11:00
206	dunsparce	\N	103	30	15	140	yellow	squiggle	206	190	medium	https://raw.githubusercontent.com/PokeAPI/sprites/master/sprites/pokemon/206.png	2018-01-24 06:11:00	2018-01-24 06:11:00
207	gligar	\N	104	20	11	648	purple	wings	207	60	medium-slow	https://raw.githubusercontent.com/PokeAPI/sprites/master/sprites/pokemon/207.png	2018-01-24 06:11:00	2018-01-24 06:11:00
208	steelix	95	41	20	92	4000	gray	squiggle	208	25	medium	https://raw.githubusercontent.com/PokeAPI/sprites/master/sprites/pokemon/208.png	2018-01-24 06:11:00	2018-01-24 06:11:00
209	snubbull	\N	105	21	6	78	pink	humanoid	209	190	fast	https://raw.githubusercontent.com/PokeAPI/sprites/master/sprites/pokemon/209.png	2018-01-24 06:11:00	2018-01-24 06:11:00
210	granbull	209	105	26	14	487	purple	upright	210	75	fast	https://raw.githubusercontent.com/PokeAPI/sprites/master/sprites/pokemon/210.png	2018-01-24 06:11:00	2018-01-24 06:11:00
211	qwilfish	\N	106	25	5	39	gray	fish	211	45	medium	https://raw.githubusercontent.com/PokeAPI/sprites/master/sprites/pokemon/211.png	2018-01-24 06:11:00	2018-01-24 06:11:00
212	scizor	123	58	30	18	1180	red	bug-wings	212	25	medium	https://raw.githubusercontent.com/PokeAPI/sprites/master/sprites/pokemon/212.png	2018-01-24 06:11:00	2018-01-24 06:11:00
213	shuckle	\N	107	\N	6	205	yellow	armor	213	190	medium-slow	https://raw.githubusercontent.com/PokeAPI/sprites/master/sprites/pokemon/213.png	2018-01-24 06:11:00	2018-01-24 06:11:00
214	heracross	\N	108	28	15	540	blue	humanoid	214	45	slow	https://raw.githubusercontent.com/PokeAPI/sprites/master/sprites/pokemon/214.png	2018-01-24 06:11:00	2018-01-24 06:11:00
215	sneasel	\N	109	\N	9	280	black	upright	215	60	medium-slow	https://raw.githubusercontent.com/PokeAPI/sprites/master/sprites/pokemon/215.png	2018-01-24 06:11:00	2018-01-24 06:11:00
216	teddiursa	\N	110	\N	6	88	brown	upright	216	120	medium	https://raw.githubusercontent.com/PokeAPI/sprites/master/sprites/pokemon/216.png	2018-01-24 06:11:00	2018-01-24 06:11:00
217	ursaring	216	110	\N	18	1258	brown	upright	217	60	medium	https://raw.githubusercontent.com/PokeAPI/sprites/master/sprites/pokemon/217.png	2018-01-24 06:11:00	2018-01-24 06:11:00
218	slugma	\N	111	38	7	350	red	squiggle	218	190	medium	https://raw.githubusercontent.com/PokeAPI/sprites/master/sprites/pokemon/218.png	2018-01-24 06:11:00	2018-01-24 06:11:00
219	magcargo	218	111	34	8	550	red	squiggle	219	75	medium	https://raw.githubusercontent.com/PokeAPI/sprites/master/sprites/pokemon/219.png	2018-01-24 06:11:00	2018-01-24 06:11:00
220	swinub	\N	112	33	4	65	brown	quadruped	220	225	slow	https://raw.githubusercontent.com/PokeAPI/sprites/master/sprites/pokemon/220.png	2018-01-24 06:11:00	2018-01-24 06:11:00
221	piloswine	220	112	24	11	558	brown	quadruped	221	75	slow	https://raw.githubusercontent.com/PokeAPI/sprites/master/sprites/pokemon/221.png	2018-01-24 06:11:00	2018-01-24 06:11:00
222	corsola	\N	113	48	6	50	pink	armor	222	60	fast	https://raw.githubusercontent.com/PokeAPI/sprites/master/sprites/pokemon/222.png	2018-01-24 06:11:00	2018-01-24 06:11:00
223	remoraid	\N	114	\N	6	120	gray	fish	223	190	medium	https://raw.githubusercontent.com/PokeAPI/sprites/master/sprites/pokemon/223.png	2018-01-24 06:11:00	2018-01-24 06:11:00
224	octillery	223	114	34	9	285	red	tentacles	224	75	medium	https://raw.githubusercontent.com/PokeAPI/sprites/master/sprites/pokemon/224.png	2018-01-24 06:11:00	2018-01-24 06:11:00
225	delibird	\N	115	40	9	160	red	wings	225	45	fast	https://raw.githubusercontent.com/PokeAPI/sprites/master/sprites/pokemon/225.png	2018-01-24 06:11:00	2018-01-24 06:11:00
226	mantine	458	116	37	21	2200	purple	wings	226	25	slow	https://raw.githubusercontent.com/PokeAPI/sprites/master/sprites/pokemon/226.png	2018-01-24 06:11:00	2018-01-24 06:11:00
227	skarmory	\N	117	31	17	505	gray	wings	227	25	slow	https://raw.githubusercontent.com/PokeAPI/sprites/master/sprites/pokemon/227.png	2018-01-24 06:11:00	2018-01-24 06:11:00
228	houndour	\N	118	40	6	108	black	quadruped	228	120	slow	https://raw.githubusercontent.com/PokeAPI/sprites/master/sprites/pokemon/228.png	2018-01-24 06:11:00	2018-01-24 06:11:00
229	houndoom	228	118	\N	14	350	black	quadruped	229	45	slow	https://raw.githubusercontent.com/PokeAPI/sprites/master/sprites/pokemon/229.png	2018-01-24 06:11:00	2018-01-24 06:11:00
230	kingdra	117	54	\N	18	1520	blue	blob	230	45	medium	https://raw.githubusercontent.com/PokeAPI/sprites/master/sprites/pokemon/230.png	2018-01-24 06:11:00	2018-01-24 06:11:00
231	phanpy	\N	119	\N	5	335	blue	quadruped	231	120	medium	https://raw.githubusercontent.com/PokeAPI/sprites/master/sprites/pokemon/231.png	2018-01-24 06:11:00	2018-01-24 06:11:00
232	donphan	231	119	\N	11	1200	gray	quadruped	232	60	medium	https://raw.githubusercontent.com/PokeAPI/sprites/master/sprites/pokemon/232.png	2018-01-24 06:11:00	2018-01-24 06:11:00
233	porygon2	137	68	\N	6	325	red	legs	233	45	medium	https://raw.githubusercontent.com/PokeAPI/sprites/master/sprites/pokemon/233.png	2018-01-24 06:11:00	2018-01-24 06:11:00
234	stantler	\N	120	\N	14	712	brown	quadruped	234	45	slow	https://raw.githubusercontent.com/PokeAPI/sprites/master/sprites/pokemon/234.png	2018-01-24 06:11:00	2018-01-24 06:11:00
235	smeargle	\N	121	\N	12	580	white	upright	235	45	fast	https://raw.githubusercontent.com/PokeAPI/sprites/master/sprites/pokemon/235.png	2018-01-24 06:11:00	2018-01-24 06:11:00
236	tyrogue	\N	47	\N	7	210	purple	humanoid	236	75	medium	https://raw.githubusercontent.com/PokeAPI/sprites/master/sprites/pokemon/236.png	2018-01-24 06:11:00	2018-01-24 06:11:00
237	hitmontop	236	47	\N	14	480	brown	upright	237	45	medium	https://raw.githubusercontent.com/PokeAPI/sprites/master/sprites/pokemon/237.png	2018-01-24 06:11:00	2018-01-24 06:11:00
238	smoochum	\N	59	\N	4	60	pink	humanoid	238	45	medium	https://raw.githubusercontent.com/PokeAPI/sprites/master/sprites/pokemon/238.png	2018-01-24 06:11:00	2018-01-24 06:11:00
239	elekid	\N	60	\N	6	235	yellow	humanoid	239	45	medium	https://raw.githubusercontent.com/PokeAPI/sprites/master/sprites/pokemon/239.png	2018-01-24 06:11:00	2018-01-24 06:11:00
240	magby	\N	61	\N	7	214	red	upright	240	45	medium	https://raw.githubusercontent.com/PokeAPI/sprites/master/sprites/pokemon/240.png	2018-01-24 06:11:00	2018-01-24 06:11:00
241	miltank	\N	122	\N	12	755	pink	upright	241	45	slow	https://raw.githubusercontent.com/PokeAPI/sprites/master/sprites/pokemon/241.png	2018-01-24 06:11:00	2018-01-24 06:11:00
242	blissey	113	51	\N	15	468	pink	humanoid	242	30	fast	https://raw.githubusercontent.com/PokeAPI/sprites/master/sprites/pokemon/242.png	2018-01-24 06:11:00	2018-01-24 06:11:00
243	raikou	\N	123	\N	19	1780	yellow	quadruped	243	3	slow	https://raw.githubusercontent.com/PokeAPI/sprites/master/sprites/pokemon/243.png	2018-01-24 06:11:00	2018-01-24 06:11:00
244	entei	\N	124	\N	21	1980	brown	quadruped	244	3	slow	https://raw.githubusercontent.com/PokeAPI/sprites/master/sprites/pokemon/244.png	2018-01-24 06:11:00	2018-01-24 06:11:00
245	suicune	\N	125	\N	20	1870	blue	quadruped	245	3	slow	https://raw.githubusercontent.com/PokeAPI/sprites/master/sprites/pokemon/245.png	2018-01-24 06:11:00	2018-01-24 06:11:00
246	larvitar	\N	126	\N	6	720	green	upright	246	45	slow	https://raw.githubusercontent.com/PokeAPI/sprites/master/sprites/pokemon/246.png	2018-01-24 06:11:00	2018-01-24 06:11:00
247	pupitar	246	126	17	12	1520	gray	squiggle	247	45	slow	https://raw.githubusercontent.com/PokeAPI/sprites/master/sprites/pokemon/247.png	2018-01-24 06:11:00	2018-01-24 06:11:00
248	tyranitar	247	126	36	20	2020	green	upright	248	45	slow	https://raw.githubusercontent.com/PokeAPI/sprites/master/sprites/pokemon/248.png	2018-01-24 06:11:00	2018-01-24 06:11:00
249	lugia	\N	127	17	52	2160	white	wings	249	3	slow	https://raw.githubusercontent.com/PokeAPI/sprites/master/sprites/pokemon/249.png	2018-01-24 06:11:00	2018-01-24 06:11:00
250	ho-oh	\N	128	36	38	1990	red	wings	250	3	slow	https://raw.githubusercontent.com/PokeAPI/sprites/master/sprites/pokemon/250.png	2018-01-24 06:11:00	2018-01-24 06:11:00
251	celebi	\N	129	17	6	50	green	humanoid	251	45	medium-slow	https://raw.githubusercontent.com/PokeAPI/sprites/master/sprites/pokemon/251.png	2018-01-24 06:11:00	2018-01-24 06:11:00
252	treecko	\N	130	36	5	50	green	upright	252	45	medium-slow	https://raw.githubusercontent.com/PokeAPI/sprites/master/sprites/pokemon/252.png	2018-01-24 06:11:00	2018-01-24 06:11:00
253	grovyle	252	130	20	9	216	green	upright	253	45	medium-slow	https://raw.githubusercontent.com/PokeAPI/sprites/master/sprites/pokemon/253.png	2018-01-24 06:11:00	2018-01-24 06:11:00
254	sceptile	253	130	16	17	522	green	upright	254	45	medium-slow	https://raw.githubusercontent.com/PokeAPI/sprites/master/sprites/pokemon/254.png	2018-01-24 06:11:00	2018-01-24 06:11:00
255	torchic	\N	131	32	4	25	red	legs	255	45	medium-slow	https://raw.githubusercontent.com/PokeAPI/sprites/master/sprites/pokemon/255.png	2018-01-24 06:11:00	2018-01-24 06:11:00
256	combusken	255	131	20	9	195	red	upright	256	45	medium-slow	https://raw.githubusercontent.com/PokeAPI/sprites/master/sprites/pokemon/256.png	2018-01-24 06:11:00	2018-01-24 06:11:00
257	blaziken	256	131	\N	19	520	red	upright	257	45	medium-slow	https://raw.githubusercontent.com/PokeAPI/sprites/master/sprites/pokemon/257.png	2018-01-24 06:11:00	2018-01-24 06:11:00
258	mudkip	\N	132	\N	4	76	blue	quadruped	258	45	medium-slow	https://raw.githubusercontent.com/PokeAPI/sprites/master/sprites/pokemon/258.png	2018-01-24 06:11:00	2018-01-24 06:11:00
259	marshtomp	258	132	\N	7	280	blue	upright	259	45	medium-slow	https://raw.githubusercontent.com/PokeAPI/sprites/master/sprites/pokemon/259.png	2018-01-24 06:11:00	2018-01-24 06:11:00
260	swampert	259	132	\N	15	819	blue	upright	260	45	medium-slow	https://raw.githubusercontent.com/PokeAPI/sprites/master/sprites/pokemon/260.png	2018-01-24 06:11:00	2018-01-24 06:11:00
261	poochyena	\N	133	21	5	136	gray	quadruped	261	255	medium	https://raw.githubusercontent.com/PokeAPI/sprites/master/sprites/pokemon/261.png	2018-01-24 06:11:00	2018-01-24 06:11:00
262	mightyena	261	133	32	10	370	gray	quadruped	262	127	medium	https://raw.githubusercontent.com/PokeAPI/sprites/master/sprites/pokemon/262.png	2018-01-24 06:11:00	2018-01-24 06:11:00
263	zigzagoon	\N	134	27	4	175	brown	quadruped	263	255	medium	https://raw.githubusercontent.com/PokeAPI/sprites/master/sprites/pokemon/263.png	2018-01-24 06:11:00	2018-01-24 06:11:00
264	linoone	263	134	25	5	325	white	quadruped	264	90	medium	https://raw.githubusercontent.com/PokeAPI/sprites/master/sprites/pokemon/264.png	2018-01-24 06:11:00	2018-01-24 06:11:00
265	wurmple	\N	135	\N	3	36	red	armor	265	255	medium	https://raw.githubusercontent.com/PokeAPI/sprites/master/sprites/pokemon/265.png	2018-01-24 06:11:00	2018-01-24 06:11:00
266	silcoon	265	135	\N	6	100	white	ball	266	120	medium	https://raw.githubusercontent.com/PokeAPI/sprites/master/sprites/pokemon/266.png	2018-01-24 06:11:00	2018-01-24 06:11:00
267	beautifly	266	135	31	10	284	yellow	bug-wings	267	45	medium	https://raw.githubusercontent.com/PokeAPI/sprites/master/sprites/pokemon/267.png	2018-01-24 06:11:00	2018-01-24 06:11:00
268	cascoon	265	135	25	7	115	purple	ball	268	120	medium	https://raw.githubusercontent.com/PokeAPI/sprites/master/sprites/pokemon/268.png	2018-01-24 06:11:00	2018-01-24 06:11:00
269	dustox	268	135	\N	12	316	green	bug-wings	269	45	medium	https://raw.githubusercontent.com/PokeAPI/sprites/master/sprites/pokemon/269.png	2018-01-24 06:11:00	2018-01-24 06:11:00
270	lotad	\N	136	25	5	26	green	armor	270	255	medium-slow	https://raw.githubusercontent.com/PokeAPI/sprites/master/sprites/pokemon/270.png	2018-01-24 06:11:00	2018-01-24 06:11:00
271	lombre	270	136	36	12	325	green	humanoid	271	120	medium-slow	https://raw.githubusercontent.com/PokeAPI/sprites/master/sprites/pokemon/271.png	2018-01-24 06:11:00	2018-01-24 06:11:00
272	ludicolo	271	136	20	15	550	green	humanoid	272	45	medium-slow	https://raw.githubusercontent.com/PokeAPI/sprites/master/sprites/pokemon/272.png	2018-01-24 06:11:00	2018-01-24 06:11:00
273	seedot	\N	137	\N	5	40	brown	legs	273	255	medium-slow	https://raw.githubusercontent.com/PokeAPI/sprites/master/sprites/pokemon/273.png	2018-01-24 06:11:00	2018-01-24 06:11:00
274	nuzleaf	273	137	22	10	280	brown	humanoid	274	120	medium-slow	https://raw.githubusercontent.com/PokeAPI/sprites/master/sprites/pokemon/274.png	2018-01-24 06:11:00	2018-01-24 06:11:00
275	shiftry	274	137	30	13	596	brown	humanoid	275	45	medium-slow	https://raw.githubusercontent.com/PokeAPI/sprites/master/sprites/pokemon/275.png	2018-01-24 06:11:00	2018-01-24 06:11:00
276	taillow	\N	138	\N	3	23	blue	wings	276	200	medium-slow	https://raw.githubusercontent.com/PokeAPI/sprites/master/sprites/pokemon/276.png	2018-01-24 06:11:00	2018-01-24 06:11:00
277	swellow	276	138	\N	7	198	blue	wings	277	45	medium-slow	https://raw.githubusercontent.com/PokeAPI/sprites/master/sprites/pokemon/277.png	2018-01-24 06:11:00	2018-01-24 06:11:00
278	wingull	\N	139	29	6	95	white	wings	278	190	medium	https://raw.githubusercontent.com/PokeAPI/sprites/master/sprites/pokemon/278.png	2018-01-24 06:11:00	2018-01-24 06:11:00
279	pelipper	278	139	40	12	280	yellow	wings	279	45	medium	https://raw.githubusercontent.com/PokeAPI/sprites/master/sprites/pokemon/279.png	2018-01-24 06:11:00	2018-01-24 06:11:00
280	ralts	\N	140	35	4	66	white	humanoid	280	235	slow	https://raw.githubusercontent.com/PokeAPI/sprites/master/sprites/pokemon/280.png	2018-01-24 06:11:00	2018-01-24 06:11:00
281	kirlia	280	140	34	8	202	white	humanoid	281	120	slow	https://raw.githubusercontent.com/PokeAPI/sprites/master/sprites/pokemon/281.png	2018-01-24 06:11:00	2018-01-24 06:11:00
282	gardevoir	281	140	39	16	484	white	humanoid	282	45	slow	https://raw.githubusercontent.com/PokeAPI/sprites/master/sprites/pokemon/282.png	2018-01-24 06:11:00	2018-01-24 06:11:00
283	surskit	\N	141	34	5	17	blue	armor	283	200	medium	https://raw.githubusercontent.com/PokeAPI/sprites/master/sprites/pokemon/283.png	2018-01-24 06:11:00	2018-01-24 06:11:00
284	masquerain	283	141	37	8	36	blue	bug-wings	284	75	medium	https://raw.githubusercontent.com/PokeAPI/sprites/master/sprites/pokemon/284.png	2018-01-24 06:11:00	2018-01-24 06:11:00
285	shroomish	\N	142	37	4	45	brown	legs	285	255	fast-then-very-slow	https://raw.githubusercontent.com/PokeAPI/sprites/master/sprites/pokemon/285.png	2018-01-24 06:11:00	2018-01-24 06:11:00
286	breloom	285	142	36	12	392	green	upright	286	90	fast-then-very-slow	https://raw.githubusercontent.com/PokeAPI/sprites/master/sprites/pokemon/286.png	2018-01-24 06:11:00	2018-01-24 06:11:00
287	slakoth	\N	143	30	8	240	brown	quadruped	287	255	slow	https://raw.githubusercontent.com/PokeAPI/sprites/master/sprites/pokemon/287.png	2018-01-24 06:11:00	2018-01-24 06:11:00
288	vigoroth	287	143	\N	14	465	white	upright	288	120	slow	https://raw.githubusercontent.com/PokeAPI/sprites/master/sprites/pokemon/288.png	2018-01-24 06:11:00	2018-01-24 06:11:00
289	slaking	288	143	32	20	1305	brown	humanoid	289	45	slow	https://raw.githubusercontent.com/PokeAPI/sprites/master/sprites/pokemon/289.png	2018-01-24 06:11:00	2018-01-24 06:11:00
290	nincada	\N	144	41	5	55	gray	armor	290	255	slow-then-very-fast	https://raw.githubusercontent.com/PokeAPI/sprites/master/sprites/pokemon/290.png	2018-01-24 06:11:00	2018-01-24 06:11:00
291	ninjask	290	144	32	8	120	yellow	bug-wings	291	120	slow-then-very-fast	https://raw.githubusercontent.com/PokeAPI/sprites/master/sprites/pokemon/291.png	2018-01-24 06:11:00	2018-01-24 06:11:00
292	shedinja	290	144	41	8	12	brown	blob	292	45	slow-then-very-fast	https://raw.githubusercontent.com/PokeAPI/sprites/master/sprites/pokemon/292.png	2018-01-24 06:11:00	2018-01-24 06:11:00
293	whismur	\N	145	35	6	163	pink	upright	293	190	medium-slow	https://raw.githubusercontent.com/PokeAPI/sprites/master/sprites/pokemon/293.png	2018-01-24 06:11:00	2018-01-24 06:11:00
294	loudred	293	145	35	10	405	blue	upright	294	120	medium-slow	https://raw.githubusercontent.com/PokeAPI/sprites/master/sprites/pokemon/294.png	2018-01-24 06:11:00	2018-01-24 06:11:00
295	exploud	294	145	47	15	840	blue	upright	295	45	medium-slow	https://raw.githubusercontent.com/PokeAPI/sprites/master/sprites/pokemon/295.png	2018-01-24 06:11:00	2018-01-24 06:11:00
296	makuhita	\N	146	34	10	864	yellow	humanoid	296	180	fast-then-very-slow	https://raw.githubusercontent.com/PokeAPI/sprites/master/sprites/pokemon/296.png	2018-01-24 06:11:00	2018-01-24 06:11:00
297	hariyama	296	146	\N	23	2538	brown	humanoid	297	200	fast-then-very-slow	https://raw.githubusercontent.com/PokeAPI/sprites/master/sprites/pokemon/297.png	2018-01-24 06:11:00	2018-01-24 06:11:00
298	azurill	\N	90	39	2	20	blue	legs	298	150	fast	https://raw.githubusercontent.com/PokeAPI/sprites/master/sprites/pokemon/298.png	2018-01-24 06:11:00	2018-01-24 06:11:00
299	nosepass	\N	147	40	10	970	gray	humanoid	299	255	medium	https://raw.githubusercontent.com/PokeAPI/sprites/master/sprites/pokemon/299.png	2018-01-24 06:11:00	2018-01-24 06:11:00
300	skitty	\N	148	36	6	110	pink	quadruped	300	255	fast	https://raw.githubusercontent.com/PokeAPI/sprites/master/sprites/pokemon/300.png	2018-01-24 06:11:00	2018-01-24 06:11:00
301	delcatty	300	148	40	11	326	purple	quadruped	301	60	fast	https://raw.githubusercontent.com/PokeAPI/sprites/master/sprites/pokemon/301.png	2018-01-24 06:11:00	2018-01-24 06:11:00
302	sableye	\N	149	38	5	110	purple	humanoid	302	45	medium-slow	https://raw.githubusercontent.com/PokeAPI/sprites/master/sprites/pokemon/302.png	2018-01-24 06:11:00	2018-01-24 06:11:00
303	mawile	\N	150	49	6	115	black	humanoid	303	45	fast	https://raw.githubusercontent.com/PokeAPI/sprites/master/sprites/pokemon/303.png	2018-01-24 06:11:00	2018-01-24 06:11:00
304	aron	\N	151	39	4	600	gray	quadruped	304	180	slow	https://raw.githubusercontent.com/PokeAPI/sprites/master/sprites/pokemon/304.png	2018-01-24 06:11:00	2018-01-24 06:11:00
305	lairon	304	151	\N	9	1200	gray	quadruped	305	90	slow	https://raw.githubusercontent.com/PokeAPI/sprites/master/sprites/pokemon/305.png	2018-01-24 06:11:00	2018-01-24 06:11:00
306	aggron	305	151	42	21	3600	gray	upright	306	45	slow	https://raw.githubusercontent.com/PokeAPI/sprites/master/sprites/pokemon/306.png	2018-01-24 06:11:00	2018-01-24 06:11:00
307	meditite	\N	152	41	6	112	blue	humanoid	307	180	medium	https://raw.githubusercontent.com/PokeAPI/sprites/master/sprites/pokemon/307.png	2018-01-24 06:11:00	2018-01-24 06:11:00
308	medicham	307	152	\N	13	315	red	humanoid	308	90	medium	https://raw.githubusercontent.com/PokeAPI/sprites/master/sprites/pokemon/308.png	2018-01-24 06:11:00	2018-01-24 06:11:00
309	electrike	\N	153	38	6	152	green	quadruped	309	120	slow	https://raw.githubusercontent.com/PokeAPI/sprites/master/sprites/pokemon/309.png	2018-01-24 06:11:00	2018-01-24 06:11:00
310	manectric	309	153	48	15	402	yellow	quadruped	310	45	slow	https://raw.githubusercontent.com/PokeAPI/sprites/master/sprites/pokemon/310.png	2018-01-24 06:11:00	2018-01-24 06:11:00
311	plusle	\N	154	37	4	42	yellow	upright	311	200	medium	https://raw.githubusercontent.com/PokeAPI/sprites/master/sprites/pokemon/311.png	2018-01-24 06:11:00	2018-01-24 06:11:00
312	minun	\N	155	\N	4	42	yellow	upright	312	200	medium	https://raw.githubusercontent.com/PokeAPI/sprites/master/sprites/pokemon/312.png	2018-01-24 06:11:00	2018-01-24 06:11:00
313	volbeat	\N	156	50	7	177	gray	upright	313	150	slow-then-very-fast	https://raw.githubusercontent.com/PokeAPI/sprites/master/sprites/pokemon/313.png	2018-01-24 06:11:00	2018-01-24 06:11:00
314	illumise	\N	157	43	6	177	purple	humanoid	314	150	fast-then-very-slow	https://raw.githubusercontent.com/PokeAPI/sprites/master/sprites/pokemon/314.png	2018-01-24 06:11:00	2018-01-24 06:11:00
315	roselia	406	158	52	3	20	green	humanoid	315	150	medium-slow	https://raw.githubusercontent.com/PokeAPI/sprites/master/sprites/pokemon/315.png	2018-01-24 06:11:00	2018-01-24 06:11:00
316	gulpin	\N	159	54	4	103	green	arms	316	225	fast-then-very-slow	https://raw.githubusercontent.com/PokeAPI/sprites/master/sprites/pokemon/316.png	2018-01-24 06:11:00	2018-01-24 06:11:00
317	swalot	316	159	54	17	800	purple	arms	317	75	fast-then-very-slow	https://raw.githubusercontent.com/PokeAPI/sprites/master/sprites/pokemon/317.png	2018-01-24 06:11:00	2018-01-24 06:11:00
318	carvanha	\N	160	50	8	208	red	fish	318	225	slow	https://raw.githubusercontent.com/PokeAPI/sprites/master/sprites/pokemon/318.png	2018-01-24 06:11:00	2018-01-24 06:11:00
319	sharpedo	318	160	64	18	888	blue	fish	319	60	slow	https://raw.githubusercontent.com/PokeAPI/sprites/master/sprites/pokemon/319.png	2018-01-24 06:11:00	2018-01-24 06:11:00
320	wailmer	\N	161	59	20	1300	blue	fish	320	125	fast-then-very-slow	https://raw.githubusercontent.com/PokeAPI/sprites/master/sprites/pokemon/320.png	2018-01-24 06:11:00	2018-01-24 06:11:00
321	wailord	320	161	\N	145	3980	blue	fish	321	60	fast-then-very-slow	https://raw.githubusercontent.com/PokeAPI/sprites/master/sprites/pokemon/321.png	2018-01-24 06:11:00	2018-01-24 06:11:00
322	numel	\N	162	\N	7	240	yellow	quadruped	322	255	medium	https://raw.githubusercontent.com/PokeAPI/sprites/master/sprites/pokemon/322.png	2018-01-24 06:11:00	2018-01-24 06:11:00
323	camerupt	322	162	\N	19	2200	red	quadruped	323	150	medium	https://raw.githubusercontent.com/PokeAPI/sprites/master/sprites/pokemon/323.png	2018-01-24 06:11:00	2018-01-24 06:11:00
324	torkoal	\N	163	\N	5	804	brown	quadruped	324	90	medium	https://raw.githubusercontent.com/PokeAPI/sprites/master/sprites/pokemon/324.png	2018-01-24 06:11:00	2018-01-24 06:11:00
325	spoink	\N	164	\N	7	306	black	arms	325	255	fast	https://raw.githubusercontent.com/PokeAPI/sprites/master/sprites/pokemon/325.png	2018-01-24 06:11:00	2018-01-24 06:11:00
326	grumpig	325	164	\N	9	715	purple	upright	326	60	fast	https://raw.githubusercontent.com/PokeAPI/sprites/master/sprites/pokemon/326.png	2018-01-24 06:11:00	2018-01-24 06:11:00
327	spinda	\N	165	17	11	50	brown	upright	327	255	fast	https://raw.githubusercontent.com/PokeAPI/sprites/master/sprites/pokemon/327.png	2018-01-24 06:11:00	2018-01-24 06:11:00
328	trapinch	\N	166	\N	7	150	brown	armor	328	255	medium-slow	https://raw.githubusercontent.com/PokeAPI/sprites/master/sprites/pokemon/328.png	2018-01-24 06:11:00	2018-01-24 06:11:00
329	vibrava	328	166	35	11	153	green	bug-wings	329	120	medium-slow	https://raw.githubusercontent.com/PokeAPI/sprites/master/sprites/pokemon/329.png	2018-01-24 06:11:00	2018-01-24 06:11:00
330	flygon	329	166	16	20	820	green	wings	330	45	medium-slow	https://raw.githubusercontent.com/PokeAPI/sprites/master/sprites/pokemon/330.png	2018-01-24 06:11:00	2018-01-24 06:11:00
331	cacnea	\N	167	30	4	513	green	humanoid	331	190	medium-slow	https://raw.githubusercontent.com/PokeAPI/sprites/master/sprites/pokemon/331.png	2018-01-24 06:11:00	2018-01-24 06:11:00
332	cacturne	331	167	36	13	774	green	humanoid	332	60	medium-slow	https://raw.githubusercontent.com/PokeAPI/sprites/master/sprites/pokemon/332.png	2018-01-24 06:11:00	2018-01-24 06:11:00
333	swablu	\N	168	16	4	12	blue	wings	333	255	slow-then-very-fast	https://raw.githubusercontent.com/PokeAPI/sprites/master/sprites/pokemon/333.png	2018-01-24 06:11:00	2018-01-24 06:11:00
334	altaria	333	168	37	11	206	blue	wings	334	45	slow-then-very-fast	https://raw.githubusercontent.com/PokeAPI/sprites/master/sprites/pokemon/334.png	2018-01-24 06:11:00	2018-01-24 06:11:00
335	zangoose	\N	169	36	13	403	white	upright	335	90	slow-then-very-fast	https://raw.githubusercontent.com/PokeAPI/sprites/master/sprites/pokemon/335.png	2018-01-24 06:11:00	2018-01-24 06:11:00
336	seviper	\N	170	16	27	525	black	squiggle	336	90	fast-then-very-slow	https://raw.githubusercontent.com/PokeAPI/sprites/master/sprites/pokemon/336.png	2018-01-24 06:11:00	2018-01-24 06:11:00
337	lunatone	\N	171	36	10	1680	yellow	ball	337	45	fast	https://raw.githubusercontent.com/PokeAPI/sprites/master/sprites/pokemon/337.png	2018-01-24 06:11:00	2018-01-24 06:11:00
338	solrock	\N	172	35	12	1540	red	ball	338	45	fast	https://raw.githubusercontent.com/PokeAPI/sprites/master/sprites/pokemon/338.png	2018-01-24 06:11:00	2018-01-24 06:11:00
339	barboach	\N	173	40	4	19	gray	fish	339	190	medium	https://raw.githubusercontent.com/PokeAPI/sprites/master/sprites/pokemon/339.png	2018-01-24 06:11:00	2018-01-24 06:11:00
340	whiscash	339	173	12	9	236	blue	fish	340	75	medium	https://raw.githubusercontent.com/PokeAPI/sprites/master/sprites/pokemon/340.png	2018-01-24 06:11:00	2018-01-24 06:11:00
341	corphish	\N	174	9	6	115	red	armor	341	205	fast-then-very-slow	https://raw.githubusercontent.com/PokeAPI/sprites/master/sprites/pokemon/341.png	2018-01-24 06:11:00	2018-01-24 06:11:00
342	crawdaunt	341	174	39	11	328	red	armor	342	155	fast-then-very-slow	https://raw.githubusercontent.com/PokeAPI/sprites/master/sprites/pokemon/342.png	2018-01-24 06:11:00	2018-01-24 06:11:00
343	baltoy	\N	175	\N	5	215	brown	arms	343	255	medium	https://raw.githubusercontent.com/PokeAPI/sprites/master/sprites/pokemon/343.png	2018-01-24 06:11:00	2018-01-24 06:11:00
344	claydol	343	175	20	15	1080	black	arms	344	90	medium	https://raw.githubusercontent.com/PokeAPI/sprites/master/sprites/pokemon/344.png	2018-01-24 06:11:00	2018-01-24 06:11:00
345	lileep	\N	176	19	10	238	purple	blob	345	45	slow-then-very-fast	https://raw.githubusercontent.com/PokeAPI/sprites/master/sprites/pokemon/345.png	2018-01-24 06:11:00	2018-01-24 06:11:00
346	cradily	345	176	\N	15	604	green	blob	346	45	slow-then-very-fast	https://raw.githubusercontent.com/PokeAPI/sprites/master/sprites/pokemon/346.png	2018-01-24 06:11:00	2018-01-24 06:11:00
347	anorith	\N	177	\N	7	125	gray	armor	347	45	slow-then-very-fast	https://raw.githubusercontent.com/PokeAPI/sprites/master/sprites/pokemon/347.png	2018-01-24 06:11:00	2018-01-24 06:11:00
348	armaldo	347	177	32	15	682	gray	upright	348	45	slow-then-very-fast	https://raw.githubusercontent.com/PokeAPI/sprites/master/sprites/pokemon/348.png	2018-01-24 06:11:00	2018-01-24 06:11:00
349	feebas	\N	178	\N	6	74	brown	fish	349	255	slow-then-very-fast	https://raw.githubusercontent.com/PokeAPI/sprites/master/sprites/pokemon/349.png	2018-01-24 06:11:00	2018-01-24 06:11:00
350	milotic	349	178	48	62	1620	pink	squiggle	350	60	slow-then-very-fast	https://raw.githubusercontent.com/PokeAPI/sprites/master/sprites/pokemon/350.png	2018-01-24 06:11:00	2018-01-24 06:11:00
351	castform	\N	179	39	3	8	gray	ball	351	45	medium	https://raw.githubusercontent.com/PokeAPI/sprites/master/sprites/pokemon/351.png	2018-01-24 06:11:00	2018-01-24 06:11:00
352	kecleon	\N	180	39	10	220	green	upright	352	200	medium-slow	https://raw.githubusercontent.com/PokeAPI/sprites/master/sprites/pokemon/352.png	2018-01-24 06:11:00	2018-01-24 06:11:00
353	shuppet	\N	181	37	6	23	black	ball	353	225	fast	https://raw.githubusercontent.com/PokeAPI/sprites/master/sprites/pokemon/353.png	2018-01-24 06:11:00	2018-01-24 06:11:00
354	banette	353	181	\N	11	125	black	upright	354	45	fast	https://raw.githubusercontent.com/PokeAPI/sprites/master/sprites/pokemon/354.png	2018-01-24 06:11:00	2018-01-24 06:11:00
355	duskull	\N	182	35	8	150	black	arms	355	190	fast	https://raw.githubusercontent.com/PokeAPI/sprites/master/sprites/pokemon/355.png	2018-01-24 06:11:00	2018-01-24 06:11:00
356	dusclops	355	182	32	16	306	black	humanoid	356	90	fast	https://raw.githubusercontent.com/PokeAPI/sprites/master/sprites/pokemon/356.png	2018-01-24 06:11:00	2018-01-24 06:11:00
357	tropius	\N	183	50	20	1000	green	quadruped	357	200	slow	https://raw.githubusercontent.com/PokeAPI/sprites/master/sprites/pokemon/357.png	2018-01-24 06:11:00	2018-01-24 06:11:00
358	chimecho	433	184	48	6	10	blue	arms	358	45	fast	https://raw.githubusercontent.com/PokeAPI/sprites/master/sprites/pokemon/358.png	2018-01-24 06:11:00	2018-01-24 06:11:00
359	absol	\N	185	25	12	470	white	quadruped	359	30	medium-slow	https://raw.githubusercontent.com/PokeAPI/sprites/master/sprites/pokemon/359.png	2018-01-24 06:11:00	2018-01-24 06:11:00
360	wynaut	\N	100	\N	6	140	blue	upright	360	125	medium	https://raw.githubusercontent.com/PokeAPI/sprites/master/sprites/pokemon/360.png	2018-01-24 06:11:00	2018-01-24 06:11:00
361	snorunt	\N	186	\N	7	168	gray	humanoid	361	190	medium	https://raw.githubusercontent.com/PokeAPI/sprites/master/sprites/pokemon/361.png	2018-01-24 06:11:00	2018-01-24 06:11:00
362	glalie	361	186	\N	15	2565	gray	ball	362	75	medium	https://raw.githubusercontent.com/PokeAPI/sprites/master/sprites/pokemon/362.png	2018-01-24 06:11:00	2018-01-24 06:11:00
363	spheal	\N	187	\N	8	395	blue	fish	363	255	medium-slow	https://raw.githubusercontent.com/PokeAPI/sprites/master/sprites/pokemon/363.png	2018-01-24 06:11:00	2018-01-24 06:11:00
364	sealeo	363	187	\N	11	876	blue	fish	364	120	medium-slow	https://raw.githubusercontent.com/PokeAPI/sprites/master/sprites/pokemon/364.png	2018-01-24 06:11:00	2018-01-24 06:11:00
365	walrein	364	187	\N	14	1506	blue	quadruped	365	45	medium-slow	https://raw.githubusercontent.com/PokeAPI/sprites/master/sprites/pokemon/365.png	2018-01-24 06:11:00	2018-01-24 06:11:00
366	clamperl	\N	188	28	4	525	blue	ball	366	255	slow-then-very-fast	https://raw.githubusercontent.com/PokeAPI/sprites/master/sprites/pokemon/366.png	2018-01-24 06:11:00	2018-01-24 06:11:00
367	huntail	366	188	\N	17	270	blue	squiggle	367	60	slow-then-very-fast	https://raw.githubusercontent.com/PokeAPI/sprites/master/sprites/pokemon/367.png	2018-01-24 06:11:00	2018-01-24 06:11:00
368	gorebyss	366	188	\N	18	226	pink	squiggle	368	60	slow-then-very-fast	https://raw.githubusercontent.com/PokeAPI/sprites/master/sprites/pokemon/368.png	2018-01-24 06:11:00	2018-01-24 06:11:00
369	relicanth	\N	189	\N	10	234	gray	fish	369	25	slow	https://raw.githubusercontent.com/PokeAPI/sprites/master/sprites/pokemon/369.png	2018-01-24 06:11:00	2018-01-24 06:11:00
370	luvdisc	\N	190	\N	6	87	pink	fish	370	225	fast	https://raw.githubusercontent.com/PokeAPI/sprites/master/sprites/pokemon/370.png	2018-01-24 06:11:00	2018-01-24 06:11:00
371	bagon	\N	191	25	6	421	blue	humanoid	371	45	slow	https://raw.githubusercontent.com/PokeAPI/sprites/master/sprites/pokemon/371.png	2018-01-24 06:11:00	2018-01-24 06:11:00
372	shelgon	371	191	17	11	1105	white	quadruped	372	45	slow	https://raw.githubusercontent.com/PokeAPI/sprites/master/sprites/pokemon/372.png	2018-01-24 06:11:00	2018-01-24 06:11:00
373	salamence	372	191	34	15	1026	blue	quadruped	373	45	slow	https://raw.githubusercontent.com/PokeAPI/sprites/master/sprites/pokemon/373.png	2018-01-24 06:11:00	2018-01-24 06:11:00
374	beldum	\N	192	17	6	952	blue	blob	374	3	slow	https://raw.githubusercontent.com/PokeAPI/sprites/master/sprites/pokemon/374.png	2018-01-24 06:11:00	2018-01-24 06:11:00
375	metang	374	192	34	12	2025	blue	arms	375	3	slow	https://raw.githubusercontent.com/PokeAPI/sprites/master/sprites/pokemon/375.png	2018-01-24 06:11:00	2018-01-24 06:11:00
376	metagross	375	192	17	16	5500	blue	heads	376	3	slow	https://raw.githubusercontent.com/PokeAPI/sprites/master/sprites/pokemon/376.png	2018-01-24 06:11:00	2018-01-24 06:11:00
377	regirock	\N	193	34	17	2300	brown	humanoid	377	3	slow	https://raw.githubusercontent.com/PokeAPI/sprites/master/sprites/pokemon/377.png	2018-01-24 06:11:00	2018-01-24 06:11:00
378	regice	\N	194	14	18	1750	blue	humanoid	378	3	slow	https://raw.githubusercontent.com/PokeAPI/sprites/master/sprites/pokemon/378.png	2018-01-24 06:11:00	2018-01-24 06:11:00
379	registeel	\N	195	28	19	2050	gray	humanoid	379	3	slow	https://raw.githubusercontent.com/PokeAPI/sprites/master/sprites/pokemon/379.png	2018-01-24 06:11:00	2018-01-24 06:11:00
380	latias	\N	196	20	14	400	red	wings	380	3	slow	https://raw.githubusercontent.com/PokeAPI/sprites/master/sprites/pokemon/380.png	2018-01-24 06:11:00	2018-01-24 06:11:00
381	latios	\N	197	20	20	600	blue	wings	381	3	slow	https://raw.githubusercontent.com/PokeAPI/sprites/master/sprites/pokemon/381.png	2018-01-24 06:11:00	2018-01-24 06:11:00
382	kyogre	\N	198	\N	45	3520	blue	fish	382	3	slow	https://raw.githubusercontent.com/PokeAPI/sprites/master/sprites/pokemon/382.png	2018-01-24 06:11:00	2018-01-24 06:11:00
383	groudon	\N	199	\N	35	9500	red	upright	383	3	slow	https://raw.githubusercontent.com/PokeAPI/sprites/master/sprites/pokemon/383.png	2018-01-24 06:11:00	2018-01-24 06:11:00
384	rayquaza	\N	200	25	70	2065	green	squiggle	384	45	slow	https://raw.githubusercontent.com/PokeAPI/sprites/master/sprites/pokemon/384.png	2018-01-24 06:11:00	2018-01-24 06:11:00
385	jirachi	\N	201	25	3	11	yellow	humanoid	385	3	slow	https://raw.githubusercontent.com/PokeAPI/sprites/master/sprites/pokemon/385.png	2018-01-24 06:11:00	2018-01-24 06:11:00
386	deoxys	\N	202	25	17	608	red	humanoid	386	3	slow	https://raw.githubusercontent.com/PokeAPI/sprites/master/sprites/pokemon/386.png	2018-01-24 06:11:00	2018-01-24 06:11:00
\.


--
-- Data for Name: species_habitats_relationships; Type: TABLE DATA; Schema: public; Owner: darkend
--

COPY species_habitats_relationships (id, species_id, habitat_id, created_at, updated_at) FROM stdin;
1	1	3	2018-01-24 06:11:00	2018-01-24 06:11:00
2	2	3	2018-01-24 06:11:00	2018-01-24 06:11:00
3	3	3	2018-01-24 06:11:00	2018-01-24 06:11:00
4	4	4	2018-01-24 06:11:00	2018-01-24 06:11:00
5	5	4	2018-01-24 06:11:00	2018-01-24 06:11:00
6	6	4	2018-01-24 06:11:00	2018-01-24 06:11:00
7	7	9	2018-01-24 06:11:00	2018-01-24 06:11:00
8	8	9	2018-01-24 06:11:00	2018-01-24 06:11:00
9	9	9	2018-01-24 06:11:00	2018-01-24 06:11:00
10	10	2	2018-01-24 06:11:00	2018-01-24 06:11:00
11	11	2	2018-01-24 06:11:00	2018-01-24 06:11:00
12	12	2	2018-01-24 06:11:00	2018-01-24 06:11:00
13	13	2	2018-01-24 06:11:00	2018-01-24 06:11:00
14	14	2	2018-01-24 06:11:00	2018-01-24 06:11:00
15	15	2	2018-01-24 06:11:00	2018-01-24 06:11:00
16	16	2	2018-01-24 06:11:00	2018-01-24 06:11:00
17	17	2	2018-01-24 06:11:00	2018-01-24 06:11:00
18	18	2	2018-01-24 06:11:00	2018-01-24 06:11:00
19	19	3	2018-01-24 06:11:00	2018-01-24 06:11:00
20	20	3	2018-01-24 06:11:00	2018-01-24 06:11:00
21	21	6	2018-01-24 06:11:00	2018-01-24 06:11:00
22	22	6	2018-01-24 06:11:00	2018-01-24 06:11:00
23	23	3	2018-01-24 06:11:00	2018-01-24 06:11:00
24	24	3	2018-01-24 06:11:00	2018-01-24 06:11:00
25	25	2	2018-01-24 06:11:00	2018-01-24 06:11:00
26	26	2	2018-01-24 06:11:00	2018-01-24 06:11:00
27	27	6	2018-01-24 06:11:00	2018-01-24 06:11:00
28	28	6	2018-01-24 06:11:00	2018-01-24 06:11:00
29	29	3	2018-01-24 06:11:00	2018-01-24 06:11:00
30	30	3	2018-01-24 06:11:00	2018-01-24 06:11:00
31	31	3	2018-01-24 06:11:00	2018-01-24 06:11:00
32	32	3	2018-01-24 06:11:00	2018-01-24 06:11:00
33	33	3	2018-01-24 06:11:00	2018-01-24 06:11:00
34	34	3	2018-01-24 06:11:00	2018-01-24 06:11:00
35	35	4	2018-01-24 06:11:00	2018-01-24 06:11:00
36	36	4	2018-01-24 06:11:00	2018-01-24 06:11:00
37	37	3	2018-01-24 06:11:00	2018-01-24 06:11:00
38	38	3	2018-01-24 06:11:00	2018-01-24 06:11:00
39	39	3	2018-01-24 06:11:00	2018-01-24 06:11:00
40	40	3	2018-01-24 06:11:00	2018-01-24 06:11:00
41	41	1	2018-01-24 06:11:00	2018-01-24 06:11:00
42	42	1	2018-01-24 06:11:00	2018-01-24 06:11:00
43	43	3	2018-01-24 06:11:00	2018-01-24 06:11:00
44	44	3	2018-01-24 06:11:00	2018-01-24 06:11:00
45	45	3	2018-01-24 06:11:00	2018-01-24 06:11:00
46	46	2	2018-01-24 06:11:00	2018-01-24 06:11:00
47	47	2	2018-01-24 06:11:00	2018-01-24 06:11:00
48	48	2	2018-01-24 06:11:00	2018-01-24 06:11:00
49	49	2	2018-01-24 06:11:00	2018-01-24 06:11:00
50	50	1	2018-01-24 06:11:00	2018-01-24 06:11:00
51	51	1	2018-01-24 06:11:00	2018-01-24 06:11:00
52	52	8	2018-01-24 06:11:00	2018-01-24 06:11:00
53	53	8	2018-01-24 06:11:00	2018-01-24 06:11:00
54	54	9	2018-01-24 06:11:00	2018-01-24 06:11:00
55	55	9	2018-01-24 06:11:00	2018-01-24 06:11:00
56	56	4	2018-01-24 06:11:00	2018-01-24 06:11:00
57	57	4	2018-01-24 06:11:00	2018-01-24 06:11:00
58	58	3	2018-01-24 06:11:00	2018-01-24 06:11:00
59	59	3	2018-01-24 06:11:00	2018-01-24 06:11:00
60	60	9	2018-01-24 06:11:00	2018-01-24 06:11:00
61	61	9	2018-01-24 06:11:00	2018-01-24 06:11:00
62	62	9	2018-01-24 06:11:00	2018-01-24 06:11:00
63	63	8	2018-01-24 06:11:00	2018-01-24 06:11:00
64	64	8	2018-01-24 06:11:00	2018-01-24 06:11:00
65	65	8	2018-01-24 06:11:00	2018-01-24 06:11:00
66	66	4	2018-01-24 06:11:00	2018-01-24 06:11:00
67	67	4	2018-01-24 06:11:00	2018-01-24 06:11:00
68	68	4	2018-01-24 06:11:00	2018-01-24 06:11:00
69	69	2	2018-01-24 06:11:00	2018-01-24 06:11:00
70	70	2	2018-01-24 06:11:00	2018-01-24 06:11:00
71	71	2	2018-01-24 06:11:00	2018-01-24 06:11:00
72	72	7	2018-01-24 06:11:00	2018-01-24 06:11:00
73	73	7	2018-01-24 06:11:00	2018-01-24 06:11:00
74	74	4	2018-01-24 06:11:00	2018-01-24 06:11:00
75	75	4	2018-01-24 06:11:00	2018-01-24 06:11:00
76	76	4	2018-01-24 06:11:00	2018-01-24 06:11:00
77	77	3	2018-01-24 06:11:00	2018-01-24 06:11:00
78	78	3	2018-01-24 06:11:00	2018-01-24 06:11:00
79	79	9	2018-01-24 06:11:00	2018-01-24 06:11:00
80	80	9	2018-01-24 06:11:00	2018-01-24 06:11:00
81	81	6	2018-01-24 06:11:00	2018-01-24 06:11:00
82	82	6	2018-01-24 06:11:00	2018-01-24 06:11:00
83	83	3	2018-01-24 06:11:00	2018-01-24 06:11:00
84	84	3	2018-01-24 06:11:00	2018-01-24 06:11:00
85	85	3	2018-01-24 06:11:00	2018-01-24 06:11:00
86	86	7	2018-01-24 06:11:00	2018-01-24 06:11:00
87	87	7	2018-01-24 06:11:00	2018-01-24 06:11:00
88	88	8	2018-01-24 06:11:00	2018-01-24 06:11:00
89	89	8	2018-01-24 06:11:00	2018-01-24 06:11:00
90	90	7	2018-01-24 06:11:00	2018-01-24 06:11:00
91	91	7	2018-01-24 06:11:00	2018-01-24 06:11:00
92	92	1	2018-01-24 06:11:00	2018-01-24 06:11:00
93	93	1	2018-01-24 06:11:00	2018-01-24 06:11:00
94	94	1	2018-01-24 06:11:00	2018-01-24 06:11:00
95	95	1	2018-01-24 06:11:00	2018-01-24 06:11:00
96	96	3	2018-01-24 06:11:00	2018-01-24 06:11:00
97	97	3	2018-01-24 06:11:00	2018-01-24 06:11:00
98	98	9	2018-01-24 06:11:00	2018-01-24 06:11:00
99	99	9	2018-01-24 06:11:00	2018-01-24 06:11:00
100	100	8	2018-01-24 06:11:00	2018-01-24 06:11:00
101	101	8	2018-01-24 06:11:00	2018-01-24 06:11:00
102	102	2	2018-01-24 06:11:00	2018-01-24 06:11:00
103	103	2	2018-01-24 06:11:00	2018-01-24 06:11:00
104	104	4	2018-01-24 06:11:00	2018-01-24 06:11:00
105	105	4	2018-01-24 06:11:00	2018-01-24 06:11:00
106	106	8	2018-01-24 06:11:00	2018-01-24 06:11:00
107	107	8	2018-01-24 06:11:00	2018-01-24 06:11:00
108	108	3	2018-01-24 06:11:00	2018-01-24 06:11:00
109	109	8	2018-01-24 06:11:00	2018-01-24 06:11:00
110	110	8	2018-01-24 06:11:00	2018-01-24 06:11:00
111	111	6	2018-01-24 06:11:00	2018-01-24 06:11:00
112	112	6	2018-01-24 06:11:00	2018-01-24 06:11:00
113	113	8	2018-01-24 06:11:00	2018-01-24 06:11:00
114	114	3	2018-01-24 06:11:00	2018-01-24 06:11:00
115	115	3	2018-01-24 06:11:00	2018-01-24 06:11:00
116	116	7	2018-01-24 06:11:00	2018-01-24 06:11:00
117	117	7	2018-01-24 06:11:00	2018-01-24 06:11:00
118	118	9	2018-01-24 06:11:00	2018-01-24 06:11:00
119	119	9	2018-01-24 06:11:00	2018-01-24 06:11:00
120	120	7	2018-01-24 06:11:00	2018-01-24 06:11:00
121	121	7	2018-01-24 06:11:00	2018-01-24 06:11:00
122	122	8	2018-01-24 06:11:00	2018-01-24 06:11:00
123	123	3	2018-01-24 06:11:00	2018-01-24 06:11:00
124	124	8	2018-01-24 06:11:00	2018-01-24 06:11:00
125	125	3	2018-01-24 06:11:00	2018-01-24 06:11:00
126	126	4	2018-01-24 06:11:00	2018-01-24 06:11:00
127	127	2	2018-01-24 06:11:00	2018-01-24 06:11:00
128	128	3	2018-01-24 06:11:00	2018-01-24 06:11:00
129	129	9	2018-01-24 06:11:00	2018-01-24 06:11:00
130	130	9	2018-01-24 06:11:00	2018-01-24 06:11:00
131	131	7	2018-01-24 06:11:00	2018-01-24 06:11:00
132	132	8	2018-01-24 06:11:00	2018-01-24 06:11:00
133	133	8	2018-01-24 06:11:00	2018-01-24 06:11:00
134	134	8	2018-01-24 06:11:00	2018-01-24 06:11:00
135	135	8	2018-01-24 06:11:00	2018-01-24 06:11:00
136	136	8	2018-01-24 06:11:00	2018-01-24 06:11:00
137	137	8	2018-01-24 06:11:00	2018-01-24 06:11:00
138	138	7	2018-01-24 06:11:00	2018-01-24 06:11:00
139	139	7	2018-01-24 06:11:00	2018-01-24 06:11:00
140	140	7	2018-01-24 06:11:00	2018-01-24 06:11:00
141	141	7	2018-01-24 06:11:00	2018-01-24 06:11:00
142	142	4	2018-01-24 06:11:00	2018-01-24 06:11:00
143	143	4	2018-01-24 06:11:00	2018-01-24 06:11:00
144	144	5	2018-01-24 06:11:00	2018-01-24 06:11:00
145	145	5	2018-01-24 06:11:00	2018-01-24 06:11:00
146	146	5	2018-01-24 06:11:00	2018-01-24 06:11:00
147	147	9	2018-01-24 06:11:00	2018-01-24 06:11:00
148	148	9	2018-01-24 06:11:00	2018-01-24 06:11:00
149	149	9	2018-01-24 06:11:00	2018-01-24 06:11:00
150	150	5	2018-01-24 06:11:00	2018-01-24 06:11:00
151	151	5	2018-01-24 06:11:00	2018-01-24 06:11:00
152	152	3	2018-01-24 06:11:00	2018-01-24 06:11:00
153	153	3	2018-01-24 06:11:00	2018-01-24 06:11:00
154	154	3	2018-01-24 06:11:00	2018-01-24 06:11:00
155	155	3	2018-01-24 06:11:00	2018-01-24 06:11:00
156	156	3	2018-01-24 06:11:00	2018-01-24 06:11:00
157	157	3	2018-01-24 06:11:00	2018-01-24 06:11:00
158	158	9	2018-01-24 06:11:00	2018-01-24 06:11:00
159	159	9	2018-01-24 06:11:00	2018-01-24 06:11:00
160	160	9	2018-01-24 06:11:00	2018-01-24 06:11:00
161	161	3	2018-01-24 06:11:00	2018-01-24 06:11:00
162	162	3	2018-01-24 06:11:00	2018-01-24 06:11:00
163	163	2	2018-01-24 06:11:00	2018-01-24 06:11:00
164	164	2	2018-01-24 06:11:00	2018-01-24 06:11:00
165	165	2	2018-01-24 06:11:00	2018-01-24 06:11:00
166	166	2	2018-01-24 06:11:00	2018-01-24 06:11:00
167	167	2	2018-01-24 06:11:00	2018-01-24 06:11:00
168	168	2	2018-01-24 06:11:00	2018-01-24 06:11:00
169	169	1	2018-01-24 06:11:00	2018-01-24 06:11:00
170	170	7	2018-01-24 06:11:00	2018-01-24 06:11:00
171	171	7	2018-01-24 06:11:00	2018-01-24 06:11:00
172	172	2	2018-01-24 06:11:00	2018-01-24 06:11:00
173	173	4	2018-01-24 06:11:00	2018-01-24 06:11:00
174	174	3	2018-01-24 06:11:00	2018-01-24 06:11:00
175	175	2	2018-01-24 06:11:00	2018-01-24 06:11:00
176	176	2	2018-01-24 06:11:00	2018-01-24 06:11:00
177	177	2	2018-01-24 06:11:00	2018-01-24 06:11:00
178	178	2	2018-01-24 06:11:00	2018-01-24 06:11:00
179	179	3	2018-01-24 06:11:00	2018-01-24 06:11:00
180	180	3	2018-01-24 06:11:00	2018-01-24 06:11:00
181	181	3	2018-01-24 06:11:00	2018-01-24 06:11:00
182	182	3	2018-01-24 06:11:00	2018-01-24 06:11:00
183	183	9	2018-01-24 06:11:00	2018-01-24 06:11:00
184	184	9	2018-01-24 06:11:00	2018-01-24 06:11:00
185	185	2	2018-01-24 06:11:00	2018-01-24 06:11:00
186	186	9	2018-01-24 06:11:00	2018-01-24 06:11:00
187	187	3	2018-01-24 06:11:00	2018-01-24 06:11:00
188	188	3	2018-01-24 06:11:00	2018-01-24 06:11:00
189	189	3	2018-01-24 06:11:00	2018-01-24 06:11:00
190	190	2	2018-01-24 06:11:00	2018-01-24 06:11:00
191	191	3	2018-01-24 06:11:00	2018-01-24 06:11:00
192	192	3	2018-01-24 06:11:00	2018-01-24 06:11:00
193	193	2	2018-01-24 06:11:00	2018-01-24 06:11:00
194	194	9	2018-01-24 06:11:00	2018-01-24 06:11:00
195	195	9	2018-01-24 06:11:00	2018-01-24 06:11:00
196	196	8	2018-01-24 06:11:00	2018-01-24 06:11:00
197	197	8	2018-01-24 06:11:00	2018-01-24 06:11:00
198	198	2	2018-01-24 06:11:00	2018-01-24 06:11:00
199	199	9	2018-01-24 06:11:00	2018-01-24 06:11:00
200	200	1	2018-01-24 06:11:00	2018-01-24 06:11:00
201	201	5	2018-01-24 06:11:00	2018-01-24 06:11:00
202	202	1	2018-01-24 06:11:00	2018-01-24 06:11:00
203	203	3	2018-01-24 06:11:00	2018-01-24 06:11:00
204	204	2	2018-01-24 06:11:00	2018-01-24 06:11:00
205	205	2	2018-01-24 06:11:00	2018-01-24 06:11:00
206	206	1	2018-01-24 06:11:00	2018-01-24 06:11:00
207	207	4	2018-01-24 06:11:00	2018-01-24 06:11:00
208	208	1	2018-01-24 06:11:00	2018-01-24 06:11:00
209	209	8	2018-01-24 06:11:00	2018-01-24 06:11:00
210	210	8	2018-01-24 06:11:00	2018-01-24 06:11:00
211	211	7	2018-01-24 06:11:00	2018-01-24 06:11:00
212	212	3	2018-01-24 06:11:00	2018-01-24 06:11:00
213	213	4	2018-01-24 06:11:00	2018-01-24 06:11:00
214	214	2	2018-01-24 06:11:00	2018-01-24 06:11:00
215	215	2	2018-01-24 06:11:00	2018-01-24 06:11:00
216	216	4	2018-01-24 06:11:00	2018-01-24 06:11:00
217	217	4	2018-01-24 06:11:00	2018-01-24 06:11:00
218	218	4	2018-01-24 06:11:00	2018-01-24 06:11:00
219	219	4	2018-01-24 06:11:00	2018-01-24 06:11:00
220	220	1	2018-01-24 06:11:00	2018-01-24 06:11:00
221	221	1	2018-01-24 06:11:00	2018-01-24 06:11:00
222	222	7	2018-01-24 06:11:00	2018-01-24 06:11:00
223	223	7	2018-01-24 06:11:00	2018-01-24 06:11:00
224	224	7	2018-01-24 06:11:00	2018-01-24 06:11:00
225	225	4	2018-01-24 06:11:00	2018-01-24 06:11:00
226	226	7	2018-01-24 06:11:00	2018-01-24 06:11:00
227	227	6	2018-01-24 06:11:00	2018-01-24 06:11:00
228	228	6	2018-01-24 06:11:00	2018-01-24 06:11:00
229	229	6	2018-01-24 06:11:00	2018-01-24 06:11:00
230	230	7	2018-01-24 06:11:00	2018-01-24 06:11:00
231	231	6	2018-01-24 06:11:00	2018-01-24 06:11:00
232	232	6	2018-01-24 06:11:00	2018-01-24 06:11:00
233	233	8	2018-01-24 06:11:00	2018-01-24 06:11:00
234	234	2	2018-01-24 06:11:00	2018-01-24 06:11:00
235	235	8	2018-01-24 06:11:00	2018-01-24 06:11:00
236	236	8	2018-01-24 06:11:00	2018-01-24 06:11:00
237	237	8	2018-01-24 06:11:00	2018-01-24 06:11:00
238	238	8	2018-01-24 06:11:00	2018-01-24 06:11:00
239	239	3	2018-01-24 06:11:00	2018-01-24 06:11:00
240	240	4	2018-01-24 06:11:00	2018-01-24 06:11:00
241	241	3	2018-01-24 06:11:00	2018-01-24 06:11:00
242	242	8	2018-01-24 06:11:00	2018-01-24 06:11:00
243	243	3	2018-01-24 06:11:00	2018-01-24 06:11:00
244	244	3	2018-01-24 06:11:00	2018-01-24 06:11:00
245	245	3	2018-01-24 06:11:00	2018-01-24 06:11:00
246	246	4	2018-01-24 06:11:00	2018-01-24 06:11:00
247	247	4	2018-01-24 06:11:00	2018-01-24 06:11:00
248	248	4	2018-01-24 06:11:00	2018-01-24 06:11:00
249	249	5	2018-01-24 06:11:00	2018-01-24 06:11:00
250	250	5	2018-01-24 06:11:00	2018-01-24 06:11:00
251	251	2	2018-01-24 06:11:00	2018-01-24 06:11:00
252	252	2	2018-01-24 06:11:00	2018-01-24 06:11:00
253	253	2	2018-01-24 06:11:00	2018-01-24 06:11:00
254	254	2	2018-01-24 06:11:00	2018-01-24 06:11:00
255	255	3	2018-01-24 06:11:00	2018-01-24 06:11:00
256	256	3	2018-01-24 06:11:00	2018-01-24 06:11:00
257	257	3	2018-01-24 06:11:00	2018-01-24 06:11:00
258	258	9	2018-01-24 06:11:00	2018-01-24 06:11:00
259	259	9	2018-01-24 06:11:00	2018-01-24 06:11:00
260	260	9	2018-01-24 06:11:00	2018-01-24 06:11:00
261	261	3	2018-01-24 06:11:00	2018-01-24 06:11:00
262	262	3	2018-01-24 06:11:00	2018-01-24 06:11:00
263	263	3	2018-01-24 06:11:00	2018-01-24 06:11:00
264	264	3	2018-01-24 06:11:00	2018-01-24 06:11:00
265	265	2	2018-01-24 06:11:00	2018-01-24 06:11:00
266	266	2	2018-01-24 06:11:00	2018-01-24 06:11:00
267	267	2	2018-01-24 06:11:00	2018-01-24 06:11:00
268	268	2	2018-01-24 06:11:00	2018-01-24 06:11:00
269	269	2	2018-01-24 06:11:00	2018-01-24 06:11:00
270	270	9	2018-01-24 06:11:00	2018-01-24 06:11:00
271	271	9	2018-01-24 06:11:00	2018-01-24 06:11:00
272	272	9	2018-01-24 06:11:00	2018-01-24 06:11:00
273	273	2	2018-01-24 06:11:00	2018-01-24 06:11:00
274	274	2	2018-01-24 06:11:00	2018-01-24 06:11:00
275	275	2	2018-01-24 06:11:00	2018-01-24 06:11:00
276	276	3	2018-01-24 06:11:00	2018-01-24 06:11:00
277	277	3	2018-01-24 06:11:00	2018-01-24 06:11:00
278	278	7	2018-01-24 06:11:00	2018-01-24 06:11:00
279	279	7	2018-01-24 06:11:00	2018-01-24 06:11:00
280	280	8	2018-01-24 06:11:00	2018-01-24 06:11:00
281	281	8	2018-01-24 06:11:00	2018-01-24 06:11:00
282	282	8	2018-01-24 06:11:00	2018-01-24 06:11:00
283	283	9	2018-01-24 06:11:00	2018-01-24 06:11:00
284	284	9	2018-01-24 06:11:00	2018-01-24 06:11:00
285	285	2	2018-01-24 06:11:00	2018-01-24 06:11:00
286	286	2	2018-01-24 06:11:00	2018-01-24 06:11:00
287	287	2	2018-01-24 06:11:00	2018-01-24 06:11:00
288	288	2	2018-01-24 06:11:00	2018-01-24 06:11:00
289	289	2	2018-01-24 06:11:00	2018-01-24 06:11:00
290	290	2	2018-01-24 06:11:00	2018-01-24 06:11:00
291	291	2	2018-01-24 06:11:00	2018-01-24 06:11:00
292	292	2	2018-01-24 06:11:00	2018-01-24 06:11:00
293	293	1	2018-01-24 06:11:00	2018-01-24 06:11:00
294	294	1	2018-01-24 06:11:00	2018-01-24 06:11:00
295	295	1	2018-01-24 06:11:00	2018-01-24 06:11:00
296	296	4	2018-01-24 06:11:00	2018-01-24 06:11:00
297	297	4	2018-01-24 06:11:00	2018-01-24 06:11:00
298	298	9	2018-01-24 06:11:00	2018-01-24 06:11:00
299	299	1	2018-01-24 06:11:00	2018-01-24 06:11:00
300	300	2	2018-01-24 06:11:00	2018-01-24 06:11:00
301	301	2	2018-01-24 06:11:00	2018-01-24 06:11:00
302	302	1	2018-01-24 06:11:00	2018-01-24 06:11:00
303	303	1	2018-01-24 06:11:00	2018-01-24 06:11:00
304	304	4	2018-01-24 06:11:00	2018-01-24 06:11:00
305	305	4	2018-01-24 06:11:00	2018-01-24 06:11:00
306	306	4	2018-01-24 06:11:00	2018-01-24 06:11:00
307	307	4	2018-01-24 06:11:00	2018-01-24 06:11:00
308	308	4	2018-01-24 06:11:00	2018-01-24 06:11:00
309	309	3	2018-01-24 06:11:00	2018-01-24 06:11:00
310	310	3	2018-01-24 06:11:00	2018-01-24 06:11:00
311	311	3	2018-01-24 06:11:00	2018-01-24 06:11:00
312	312	3	2018-01-24 06:11:00	2018-01-24 06:11:00
313	313	2	2018-01-24 06:11:00	2018-01-24 06:11:00
314	314	2	2018-01-24 06:11:00	2018-01-24 06:11:00
315	315	3	2018-01-24 06:11:00	2018-01-24 06:11:00
316	316	3	2018-01-24 06:11:00	2018-01-24 06:11:00
317	317	3	2018-01-24 06:11:00	2018-01-24 06:11:00
318	318	7	2018-01-24 06:11:00	2018-01-24 06:11:00
319	319	7	2018-01-24 06:11:00	2018-01-24 06:11:00
320	320	7	2018-01-24 06:11:00	2018-01-24 06:11:00
321	321	7	2018-01-24 06:11:00	2018-01-24 06:11:00
322	322	4	2018-01-24 06:11:00	2018-01-24 06:11:00
323	323	4	2018-01-24 06:11:00	2018-01-24 06:11:00
324	324	4	2018-01-24 06:11:00	2018-01-24 06:11:00
325	325	4	2018-01-24 06:11:00	2018-01-24 06:11:00
326	326	4	2018-01-24 06:11:00	2018-01-24 06:11:00
327	327	4	2018-01-24 06:11:00	2018-01-24 06:11:00
328	328	6	2018-01-24 06:11:00	2018-01-24 06:11:00
329	329	6	2018-01-24 06:11:00	2018-01-24 06:11:00
330	330	6	2018-01-24 06:11:00	2018-01-24 06:11:00
331	331	6	2018-01-24 06:11:00	2018-01-24 06:11:00
332	332	6	2018-01-24 06:11:00	2018-01-24 06:11:00
333	333	2	2018-01-24 06:11:00	2018-01-24 06:11:00
334	334	2	2018-01-24 06:11:00	2018-01-24 06:11:00
335	335	3	2018-01-24 06:11:00	2018-01-24 06:11:00
336	336	3	2018-01-24 06:11:00	2018-01-24 06:11:00
337	337	1	2018-01-24 06:11:00	2018-01-24 06:11:00
338	338	1	2018-01-24 06:11:00	2018-01-24 06:11:00
339	339	9	2018-01-24 06:11:00	2018-01-24 06:11:00
340	340	9	2018-01-24 06:11:00	2018-01-24 06:11:00
341	341	9	2018-01-24 06:11:00	2018-01-24 06:11:00
342	342	9	2018-01-24 06:11:00	2018-01-24 06:11:00
343	343	6	2018-01-24 06:11:00	2018-01-24 06:11:00
344	344	6	2018-01-24 06:11:00	2018-01-24 06:11:00
345	345	7	2018-01-24 06:11:00	2018-01-24 06:11:00
346	346	7	2018-01-24 06:11:00	2018-01-24 06:11:00
347	347	9	2018-01-24 06:11:00	2018-01-24 06:11:00
348	348	9	2018-01-24 06:11:00	2018-01-24 06:11:00
349	349	9	2018-01-24 06:11:00	2018-01-24 06:11:00
350	350	9	2018-01-24 06:11:00	2018-01-24 06:11:00
351	351	3	2018-01-24 06:11:00	2018-01-24 06:11:00
352	352	2	2018-01-24 06:11:00	2018-01-24 06:11:00
353	353	8	2018-01-24 06:11:00	2018-01-24 06:11:00
354	354	8	2018-01-24 06:11:00	2018-01-24 06:11:00
355	355	2	2018-01-24 06:11:00	2018-01-24 06:11:00
356	356	2	2018-01-24 06:11:00	2018-01-24 06:11:00
357	357	2	2018-01-24 06:11:00	2018-01-24 06:11:00
358	358	3	2018-01-24 06:11:00	2018-01-24 06:11:00
359	359	4	2018-01-24 06:11:00	2018-01-24 06:11:00
360	360	1	2018-01-24 06:11:00	2018-01-24 06:11:00
361	361	1	2018-01-24 06:11:00	2018-01-24 06:11:00
362	362	1	2018-01-24 06:11:00	2018-01-24 06:11:00
363	363	7	2018-01-24 06:11:00	2018-01-24 06:11:00
364	364	7	2018-01-24 06:11:00	2018-01-24 06:11:00
365	365	7	2018-01-24 06:11:00	2018-01-24 06:11:00
366	366	7	2018-01-24 06:11:00	2018-01-24 06:11:00
367	367	7	2018-01-24 06:11:00	2018-01-24 06:11:00
368	368	7	2018-01-24 06:11:00	2018-01-24 06:11:00
369	369	7	2018-01-24 06:11:00	2018-01-24 06:11:00
370	370	7	2018-01-24 06:11:00	2018-01-24 06:11:00
371	371	6	2018-01-24 06:11:00	2018-01-24 06:11:00
372	372	6	2018-01-24 06:11:00	2018-01-24 06:11:00
373	373	6	2018-01-24 06:11:00	2018-01-24 06:11:00
374	374	6	2018-01-24 06:11:00	2018-01-24 06:11:00
375	375	6	2018-01-24 06:11:00	2018-01-24 06:11:00
376	376	6	2018-01-24 06:11:00	2018-01-24 06:11:00
377	377	1	2018-01-24 06:11:00	2018-01-24 06:11:00
378	378	1	2018-01-24 06:11:00	2018-01-24 06:11:00
379	379	1	2018-01-24 06:11:00	2018-01-24 06:11:00
380	380	9	2018-01-24 06:11:00	2018-01-24 06:11:00
381	381	9	2018-01-24 06:11:00	2018-01-24 06:11:00
382	382	7	2018-01-24 06:11:00	2018-01-24 06:11:00
383	383	6	2018-01-24 06:11:00	2018-01-24 06:11:00
384	384	5	2018-01-24 06:11:00	2018-01-24 06:11:00
385	385	4	2018-01-24 06:11:00	2018-01-24 06:11:00
386	386	5	2018-01-24 06:11:00	2018-01-24 06:11:00
\.


--
-- Name: species_habitats_relationships_id_seq; Type: SEQUENCE SET; Schema: public; Owner: darkend
--

SELECT pg_catalog.setval('species_habitats_relationships_id_seq', 1, false);


--
-- Name: species_id_seq; Type: SEQUENCE SET; Schema: public; Owner: darkend
--

SELECT pg_catalog.setval('species_id_seq', 1, false);


--
-- Name: ar_internal_metadata_pkey; Type: CONSTRAINT; Schema: public; Owner: darkend
--

ALTER TABLE ONLY ar_internal_metadata
    ADD CONSTRAINT ar_internal_metadata_pkey PRIMARY KEY (key);


--
-- Name: experiences_pkey; Type: CONSTRAINT; Schema: public; Owner: darkend
--

ALTER TABLE ONLY experiences
    ADD CONSTRAINT experiences_pkey PRIMARY KEY (id);


--
-- Name: habitats_pkey; Type: CONSTRAINT; Schema: public; Owner: darkend
--

ALTER TABLE ONLY habitats
    ADD CONSTRAINT habitats_pkey PRIMARY KEY (id);


--
-- Name: my_pokemons_pkey; Type: CONSTRAINT; Schema: public; Owner: darkend
--

ALTER TABLE ONLY my_pokemons
    ADD CONSTRAINT my_pokemons_pkey PRIMARY KEY (id);


--
-- Name: schema_migrations_pkey; Type: CONSTRAINT; Schema: public; Owner: darkend
--

ALTER TABLE ONLY schema_migrations
    ADD CONSTRAINT schema_migrations_pkey PRIMARY KEY (version);


--
-- Name: species_habitats_relationships_pkey; Type: CONSTRAINT; Schema: public; Owner: darkend
--

ALTER TABLE ONLY species_habitats_relationships
    ADD CONSTRAINT species_habitats_relationships_pkey PRIMARY KEY (id);


--
-- Name: species_pkey; Type: CONSTRAINT; Schema: public; Owner: darkend
--

ALTER TABLE ONLY species
    ADD CONSTRAINT species_pkey PRIMARY KEY (id);


--
-- Name: index_my_pokemons_on_species_id; Type: INDEX; Schema: public; Owner: darkend
--

CREATE INDEX index_my_pokemons_on_species_id ON my_pokemons USING btree (species_id);


--
-- Name: index_species_habitats_relationships_on_habitat_id; Type: INDEX; Schema: public; Owner: darkend
--

CREATE INDEX index_species_habitats_relationships_on_habitat_id ON species_habitats_relationships USING btree (habitat_id);


--
-- Name: index_species_habitats_relationships_on_species_id; Type: INDEX; Schema: public; Owner: darkend
--

CREATE INDEX index_species_habitats_relationships_on_species_id ON species_habitats_relationships USING btree (species_id);


--
-- Name: fk_rails_87b97306d3; Type: FK CONSTRAINT; Schema: public; Owner: darkend
--

ALTER TABLE ONLY species_habitats_relationships
    ADD CONSTRAINT fk_rails_87b97306d3 FOREIGN KEY (species_id) REFERENCES species(id);


--
-- Name: fk_rails_8fb9100ef6; Type: FK CONSTRAINT; Schema: public; Owner: darkend
--

ALTER TABLE ONLY species_habitats_relationships
    ADD CONSTRAINT fk_rails_8fb9100ef6 FOREIGN KEY (habitat_id) REFERENCES habitats(id);


--
-- Name: fk_rails_b9f86b1a73; Type: FK CONSTRAINT; Schema: public; Owner: darkend
--

ALTER TABLE ONLY my_pokemons
    ADD CONSTRAINT fk_rails_b9f86b1a73 FOREIGN KEY (species_id) REFERENCES species(id);


--
-- Name: public; Type: ACL; Schema: -; Owner: postgres
--

REVOKE ALL ON SCHEMA public FROM PUBLIC;
REVOKE ALL ON SCHEMA public FROM postgres;
GRANT ALL ON SCHEMA public TO postgres;
GRANT ALL ON SCHEMA public TO PUBLIC;


--
-- PostgreSQL database dump complete
--

